Go #Dodge Edmonton is #nowplaying Money For Nothing by #DireStraits #cubevenue," #Viper  
 #Engine V10  
 #Horse_Power 645  
 #Top_Speed 202 mph 325 km/h  
#Viper #Bph #Dodge #S... https://t.co/A7T4hzQagf",8-year-old shot after being caught in the middle of gunfire - WXIA-TV https://t.co/wwUTemXVrb #dodge #charger,8-year-old shot after being caught in the middle of gunfire - WXIA-TV https://t.co/wqhIlkXgX6 #dodge #charger," esarmarbo1972 ""Dodge Challenger R/T (2011) https://t.co/lziXrnklYh 
#Dodge Reduced price to sell quickly! 2011 S... https://t.co/DBbrzzm79S","Mr. Trump thinks ""women are special"" and he thinks it's wonderful that ""women"" are ""coming out"".  He thinks it's go... https://t.co/CdBo10q9pt"," @Mopar_Logic: Le mans Race Car!

#Dodge #DodgeViper #Viper #GTS # #ACR #Art #Artist #Rendering #GraphicsArt #Mopar #MoparLogic... "," @Mopar_Logic: Ready to rumble!

#Dodge #DodgeViper #Viper #S10 #GTS # #ACR #Art #Mopar #MoparLogic #MoparOrNoCar #AmericanMade https...", @Ilftedtrucks: #Dodge https://t.co/Vm4DvBZXWj, @Mercomatic: If a two-tone 1955 #Dodge was to your fancy you could order black or white reversible with Heather Rose. The famous... ,#dodge #durango Northeastern teacher indicted in deadly crash: What we know now... https://t.co/G3Zbauuo1c,"Pennsylvania to sell over 300 seized, fleet vehicles at auction - ABC27 https://t.co/TuLNEzEKPE #dodge #nitro",#dodge #durango Northeastern teacher indicted in deadly crash: What we know now... https://t.co/HhUocjAoR6,Go #Dodge Edmonton is #nowplaying She Don't Love You (Radio Edit - Cold Intro) by #EricPaslay #cubevenue,"Pennsylvania to sell over 300 seized, fleet vehicles at auction - ABC27 https://t.co/I8kZd8ntRr #dodge #nitro","2006 #Dodge #Ram 3500 QuadCab  Laraime 4X4 DRW only $27,999 in Westminster, MD #DodgeRam 3500 #Westminster https://t.co/FSszcRtXMV",How to Pronounce Hide Your Kids  https://t.co/5qB0iKg6i1 #dodge #kids #will #ambush #stowaway #it #shuffleoff #enshroud,Go #Dodge Edmonton is #nowplaying Woman Woman by #Awolnation #cubevenue,Check out Hot Wheels 2007 New Models Dodge Ram 1500 Black 5/36 #HotWheels #Dodge https://t.co/DqwBYHHgNR via @eBay, @Ilftedtrucks: #Dodge https://t.co/Vm4DvBZXWj," @Mercomatic: 1955 #Dodge offered a pink choice called ""Heather Rose"" available only in a two or three-tone scheme; two-tone was... ",Go #Dodge Edmonton is #nowplaying The Best Day by #ThurstonMoore #cubevenue,How to Pronounce Meet The Beatles  https://t.co/1mkljreN5r #Meet #outrage #dope #bringtogether #flock #dodge #engagemen,Go #Dodge Edmonton is #nowplaying 7 Years by #LukasGraham #cubevenue,Away she goes :( until next spring! dodgeofficial #dodge #challenger #b5 #blue #ihatewinter... https://t.co/SueMIPRceS,Oddchester: No holiday road trip? We'll need a new theme song - Post... https://t.co/dCqsyY0BjN #dodge #caravan,Police: Roseburg man struck by van in designated crosswalk on NE Stephens... https://t.co/qt5sttT8Hv #dodge #caravan,Police: Roseburg man struck by van in designated crosswalk on NE Stephens... https://t.co/zqVElkSy5R #dodge #caravan,"2001 #Dodge #Ram 3500 SLT for sale in STRONGSVILLE, OH #DodgeRam 3500 #STRONGSVILLE https://t.co/kdpPSBm0YZ","#Dodge_Challenger, #supercars, #2018_cars, #night, #movement, #Dodge =&gt; https://t.co/bMmM6rpBdv https://t.co/8duiXBMtHX",The available All Wheel Drive in the #Dodge #Charger cranks out an impressive 475 pound-feet of torque to all its w... https://t.co/PshFaDAAfm," @Mopar_Logic: Low, very low!!

#MoparLogic #Dodge #Charger #Charger # #Hemi #ClassicCar #DragRace #AmericanMuscle #MuscleCar... ",Go #Dodge Edmonton is #nowplaying Stolen Dance by #MilkyChance #cubevenue," @Mopar_Logic: Ready to rumble!

#Dodge #DodgeViper #Viper #S10 #GTS # #ACR #Art #Mopar #MoparLogic #MoparOrNoCar #AmericanMade https..."," @Mopar_Logic: Low, very low!!

#MoparLogic #Dodge #Charger #Charger # #Hemi #ClassicCar #DragRace #AmericanMuscle #MuscleCar... ","signed, sealed, delivered with 1000hp added 
#bypetty #challenger #dodge #pettysgarage #pettyhellcatpackage https://t.co/cKLs0yEOvq",Go #Dodge Edmonton is #nowplaying Diamonds On The Soles Of Her S by #PaulSimon #cubevenue,"2001 Chrysler Prowler $28,989.00! 9K miles! #mopar, #dodge, #Plymouth, #Chrysler, #convertible, #Prowler,... https://t.co/8n9i4Ogn6l",Last night Christina became the proud owner of a beautiful 2018 #Dodge #Durango.  Congratulations and enjoy every... https://t.co/J5mLm2a3aW,#Dodge #Ram #50 #D50 #Emblems (#Marlton) $10 https://t.co/oQUOTd4KaD https://t.co/M7oQ6RyV88,Greece police seeking two women after vehicle stolen with child inside... https://t.co/iAEmw8ji1o #dodge #journey,Greece police seeking two women after vehicle stolen with child inside... https://t.co/Ms8r5DpqC5 #dodge #journey," @Mopar_Logic: Low, very low!!

#MoparLogic #Dodge #Charger #Charger # #Hemi #ClassicCar #DragRace #AmericanMuscle #MuscleCar... ",Go #Dodge Edmonton is #nowplaying On My Heart by #SchoolOfSevenBells #cubevenue," @AADiscountAuto: Performance Intake for Challenger/ Charger Starting From $379.99 EA.
Sale runs until November 30, 2017 so get it wh... ", @Ilftedtrucks: #Dodge https://t.co/Vm4DvBZXWj,https://t.co/taRQm5Chki #Dodge #Dart #Convertible #classiccar https://t.co/YNET7GmYpx,Go #Dodge Edmonton is #nowplaying Broken Glass by #RachelPlatten #cubevenue,Fire destroys car in parking lot - Bismarck Tribune https://t.co/jtYqhlBqBm #dodge #avenger,Virginia Beach woman admits she was part of revenge shoe robbery in which a... https://t.co/yCCYnIgOjd #dodge #avenger," @pettysgarage: signed, sealed, delivered with 1000hp added 
#bypetty #challenger #dodge #pettysgarage #pettyhellcatpackage https://t.c...",Go #Dodge Edmonton is #nowplaying So Tied Up by #ColdWarKidsFeaturingBishopBriggs #cubevenue,"( ,,) Little Worry  ( Emote) https://t.co/zh8QDr1s9X #dodge #bluff #useful #hateful #bit #vexation... https://t.co/wUXfdEPyXi",Go #Dodge Edmonton is #nowplaying Wildest Dreams by #TaylorSwift #cubevenue," @Mercomatic: 1955 #Dodge offered a pink choice called ""Heather Rose"" available only in a two or three-tone scheme; two-tone was... ",Go #Dodge Edmonton is #nowplaying What's Next by #DavidFanning #cubevenue, @Ilftedtrucks: #Dodge https://t.co/Vm4DvBZXWj," @pettysgarage: signed, sealed, delivered with 1000hp added 
#bypetty #challenger #dodge #pettysgarage #pettyhellcatpackage https://t.c...","Retweet if you would drive it
#Dodge #Challenger #Mopar https://t.co/o2hyfzcBiY",Go #Dodge Edmonton is #nowplaying Crocodile Rock by #EltonJohn #cubevenue,2008 #Dodge Grand Caravan SXT https://t.co/9YFM25MqzC https://t.co/AAe4I3auUM
