My wife was on point with my anniversary gift!!  #2years #jeep... https://t.co/qdS5nhjbyt,eBay: 2011 Jeep Compass Limited 2011 Limited Used 2.4L I4 16V Automatic 4WD SUV https://t.co/w5SY1et54T #jeep... https://t.co/Q12JwmIMQI, @JeepsiesBlog: Looking for mud in all the right places. #jeep #mudding #wheeling #jeeplife #jeepmafia https://t.co/dtk0P64VLC,#AstonMartin #Audi #Bentley #Benz #BMW #Bugatti #Cadillac #Chevrolet #Chrysler #Citroen #Corvette #DAF #Dacia... https://t.co/iluHHsP0iY,#officialteamoutlaw #eviljeep #jeeplifer #evilnevaloml #jeep #jeepwrangler #4x4 #jeeplife... https://t.co/eRHrTycz4L,#officialteamoutlaw #eviljeep #jeeplifer #evilnevaloml #jeep #jeepwrangler #4x4 #jeeplife... https://t.co/NJirRfGqaV,"'merica.....
#officialteamoutlaw #eviljeep #jeeplifer #evilnevaloml #jeep #jeepwrangler #4x4... https://t.co/UjLO8gaue4",Fellow Jeepers you know what to do. Protect the internet and help defeat the repeal of net neutrality! #jeep... https://t.co/PDark9yILm,JEEP GREAND CHEROKE 4.0 .TSI US Modell #JEEP https://t.co/12V8Epg9oE Das fahrzeug befinden sich in  einem guten https://t.co/X6dJL2jPeN," @venture4wd: Alright, four-wheel drive enthusiasts. What popular West Virginia trail is this? #popquiz #journeyinbetween... ",vamp_kris2102: JEEP GREAND CHEROKE 4.0 .TSI US Modell #JEEP https://t.co/kr20GRB4G4 Das fahrzeug befinden sich in ... https://t.co/Gu3T1GfFpw,eBay: 2016 (66 Reg) Jeep Renegade 1.4 Longitude 4x2 Black 5 STANDARD PETROL AUTOMATIC https://t.co/tEcEoPouPI #jeep... https://t.co/9Z99lDLkPq,eBay: 2012 (62 Reg) Jeep Compass 2.2 CRD Limited Met Grey DIESEL MANUAL https://t.co/Lu6jfD5Q1I #jeep #jeeplife... https://t.co/LHlG88aVXj,vamp_kris2102: JEEP GREAND CHEROKE 4.0 .TSI US Modell #JEEP https://t.co/L1pi38z2g1 Das fahrzeug befinden sich in ... https://t.co/Dg34fpQGTZ, @DanMarriesKOLD: Fender bender between a #Jeep and the modern street car tonight at Church ; Congress in downtown #Tucson. TPD Offic... ," esarmarbo1972 ""vamp_kris2102: JEEP GREAND CHEROKE 4.0 .TSI US Modell #JEEP https://t.co/WrZmvqzGb8 Das fahrzeug... https://t.co/pF2cVqXynE",Hell of an evening. #Lifting like a madman and braving the storm in the #Jeep #gzclmethod... https://t.co/IdD5qbxtHM,eBay: 2015 Jeep Wrangler Unlimited Sport 2015 Jeep Wrangler https://t.co/kvMUx34VJf #jeep #jeeplife... https://t.co/AbUrUpMOew,eBay: 2013 Jeep Wrangler Unlimited Sport 2013 Jeep Wrangler https://t.co/bD9mX5UwRC #jeep #jeeplife... https://t.co/AgVsxSso,"JEEP Renegade my16 16 multijet 120cv longitude
18.900  
https://t.co/9vsMTkMDqE
#jeep #renegade"," vamp_kris2102 ""JEEP GREAND CHEROKE 4.0 .TSI US Modell #JEEP https://t.co/PRb8vzDh64 Das fahrzeug befinden sich i... https://t.co/l6E743ubhd"
