@mazdaukpr Stunning! #drivetogether #zoomzoom #mazda, @gataca73: Con estas imagenes se anticipa el debut del #Mazda Kai Concept en el Salon de Tokio que es la forma en la que lucir... ," @BCJr: #MazdaMonday

1992 #Mazda #RX792P #IMSA GTP #Prototype @HistoricRacer 

@Bertieschip @bwass24 @lcbernalo... ", @kazzen: CX-5/CX-83008/50085 (^ ^) ... #MAZDA #Peugeot https://t.co/...,#Mazda reveals the look and feel of its next-generation small hatch 18 months before its Australian release.... https://t.co/VbOVqtsh7n,"2017 #Mazda Kai Concept
https://t.co/rmCG6ZyZik",   CONCEPT VISION COUPE https://t.co/WfLfGW8dxT # #MAZDA #... https://t.co/QcIbC5IjpP,"2017 #Mazda Vision Coupe Concept
https://t.co/iOOrmKqDEq","#Mazda au Salon de #Tokyo : pas d'hybride ou #electrique, mais deux beaux concepts Kai et Vision Coupe. https://t.co/8pEzOH68bQ"," @clubmzd: Manana madrugar, en directo a las 06:40 (CET) presentacion #Mazda  novedades #SkyactivX y #RX9 #TokyoMotorShow 
... ",Sensational start to #TMS2017 - #Mazda Vision Coupe previews Aston Martin-rivalling grand tourer https://t.co/IlyD0SPtvv," @NetCarShow: 2017 #Mazda Vision Coupe Concept
https://t.co/iOOrmKqDEq",(Autocar):#Mazda #Vision Coupe previews Aston Martin-rivalling grand tourer : Design.. https://t.co/sR5z9hW0F4 https://t.co/xQSdnFvz1w,Este es el #Mazda Vision Coupe Concept y acaba de ser presentado en el Salon de Tokio Que te parece? https://t.co/ZYlJE6vpV0," @NetCarShow: 2017 #Mazda Vision Coupe Concept
https://t.co/iOOrmKqDEq","Mazda Vision Coupe | Tokyo Motor Show's big,... https://t.co/0JBedYK3rj #mazda #sedan #tokyomotorshow #VisionCoupe #Cars  #Autonews #NY", @TopMiata:  @eddie_fitmentkings #TopMiata / Photo by: @ryan.usa #PitcrewMiata #ssrwheels #itbmiata #mazda #miata #mx5 https://t.co/6Bln...,"Mazda Vision Coupe | Tokyo Motor Show's big,... https://t.co/bTdXoguCV1 #mazda #sedan #tokyomotorshow #VisionCoupe #Autos #Car #Trucks", @TopMiata:  @eddie_fitmentkings #TopMiata / Photo by: @ryan.usa #PitcrewMiata #ssrwheels #itbmiata #mazda #miata #mx5 https://t.co/6Bln...,#Mazda Kai concept: This is the direction for the next Mazda hatchback. It's on the next-generation Skyactive platf... https://t.co/mmgF1rtDwF,MAZDA|CX-8 1013()  ~15() 1  #CX8 #MAZDA (2017-10-13) https://t.co/rtPIHqt89b, @Carscoop: #Mazda Kai #Concept Surfaces Ahead Of Tokyo https://t.co/iStuhyXyZI https://t.co/nmlKyZ8Ji3, @SBrinley: #Mazda Kai concept: This is the direction for the next Mazda hatchback. It's on the next-generation Skyactive platf... , @SBrinley: #Mazda Kai concept: This is the direction for the next Mazda hatchback. It's on the next-generation Skyactive platf... ,#Mazda Vision Coupe concept is like a Japanese Ferrari     - Roadshow It's a sleek little number that tells us the... https://t.co/6gicn90hSv,#Mazda Kai Concept previews a hot new hatch in Tokyo     - Roadshow If you're wondering what the next-generation M... https://t.co/xqOMmzEVVi,"#Mazda Kai hints at a gnarly new Mazda3     - Roadshow Like the production version eventually will, this concept s... https://t.co/5N5D9ufA4W","(Autocar):#Striking #Mazda Kai concept previews new 3 hatch for 2019 : Concept is longer,.. https://t.co/GQM0n9GfQo https://t.co/453U08MkGn"," @IketeruKuruma__: 

#FC3S #MAZDA https://t.co/vZHYRpoNRU"," @NetCarShow: 2017 #Mazda Vision Coupe Concept
https://t.co/iOOrmKqDEq"," @IketeruKuruma__: 

#FD3S #MAZDA #jdm https://t.co/CDDAG2vlAZ","#Mazda's sensuous VisionCoupe  big, sleek sedan designed with the love of driving in mind: https://t.co/q51fqxxrBl... https://t.co/7jKAdcftX6", @TopMiata:  IG: jasperash #TopMiata #enkei #rpf1 #ncmiata #miata #mazda #mx5 https://t.co/qiiQTLm1SI," @NetCarShow: 2017 #Mazda Vision Coupe Concept
https://t.co/iOOrmKqDEq"," @NetCarShow: 2017 #Mazda Vision Coupe Concept
https://t.co/iOOrmKqDEq",CorkSport Builds Another MS3 Long block. Check it Out! #Mazda #mx5 #miata #Roadster #eunos #TopMiata #cars #car https://t.co/3RSNKs2RwY,Decided to join the family; 2017 Mazda 3 SP25 Astina #Mazda #mx5 #miata #Roadster #eunos #TopMiata #cars #car https://t.co/G864hiJB66," @NetCarShow: 2017 #Mazda Kai Concept
https://t.co/rmCG6ZyZik", @gataca73: Con estas imagenes se anticipa el debut del #Mazda Kai Concept en el Salon de Tokio que es la forma en la que lucir... ,#CDMX Cae semaforo en #PinoSuarez y #Mesones. Sobre un #Mazda no hay #lesionados. https://t.co/x773f04Vk8,"#Mazda Vision Coupe leaked ahead of #TokyoMotorShow, has panoramic glass roof https://t.co/wJLFosXJ78 #cars... https://t.co/GEtUNi2lRn",Mazda 5 #Mazda https://t.co/DFSa11nypQ 5.Gang Schaltgetriebe Klimaautomatik Sitzheizung ( Fahrer u. Beifahrer ) https://t.co/c1r126d08w, @coco_bunz1: My new baby Tre 2018 Mazda 3 @MazdaUSA #newcar #2018 #mazda #mazda3 Nobody to thank buy God !! https://t.co/uCErbh8uPh, @TopMiata:  IG: jasperash #TopMiata #enkei #rpf1 #ncmiata #miata #mazda #mx5 https://t.co/qiiQTLm1SI,2017 #Mazda #VISIONCOUPE and #KAI Concepts Bow in Tokyo https://t.co/aeNKzndN6Z," @therealautoblog: #Mazda's sensuous VisionCoupe  big, sleek sedan designed with the love of driving in mind: https://t.co/q51fqxxrBl... "," @therealautoblog: #Mazda's sensuous VisionCoupe  big, sleek sedan designed with the love of driving in mind: https://t.co/q51fqxxrBl... ", @TopMiata:  IG: jasperash #TopMiata #enkei #rpf1 #ncmiata #miata #mazda #mx5 https://t.co/qiiQTLm1SI," vamp_kris2102 ""Mazda 5 #Mazda https://t.co/RfQswaBW3Q 5.Gang Schaltgetriebe Klimaautomatik Sitzheizung ( Fahre... https://t.co/Lv22UcMGT9"""," therealautoblog ""#Mazda's sensuous VisionCoupe  big, sleek sedan designed with the love of driving in mind: ... https://t.co/fj4oT0FvV8""", @gataca73: Con estas imagenes se anticipa el debut del #Mazda Kai Concept en el Salon de Tokio que es la forma en la que lucir... ," @therealautoblog: #Mazda's sensuous VisionCoupe  big, sleek sedan designed with the love of driving in mind: https://t.co/q51fqxxrBl... "," @therealautoblog: #Mazda's sensuous VisionCoupe  big, sleek sedan designed with the love of driving in mind: https://t.co/q51fqxxrBl... ","With new #Technology, #Mazda gives #Spark to #Gasoline #Engi... - https://t.co/c7AYiE2MPC - #Tech https://t.co/DxO7FElWfC",#Mazda will announce a lot of news at 45th Tokyo Motor Show. https://t.co/mRPxkjGeBY Stay tuned for the #press conf... https://t.co/z2KkQgQRli,"Espectacular el nuevo #VisionCoupe , presentado por #Mazda  en el #AutoShow  de Tokio2017
El mas #chingon. Aqui... https://t.co/dlS4WFzOXR",(CNET News):#Mazda #Vision Coupe concept is like a Japanese Ferrari - Roadshow : It's a.. https://t.co/Roury8tIuZ https://t.co/GViuWgS9DT,MAZDA    200   https://t.co/lQTCkiLpSt #teamfollowback #news #MAZDA # #," @techeblog: #Mazda Vision Coupe leaked ahead of #TokyoMotorShow, has panoramic glass roof https://t.co/wJLFosXJ78 #cars... "," @techeblog: #Mazda Vision Coupe leaked ahead of #TokyoMotorShow, has panoramic glass roof https://t.co/wJLFosXJ78 #cars... ","How To Prime ; Start a Dry Engine [FIRST STA]

S3:E15 Mils Garage #YouTubeChannel
https://t.co/XbF5Uc1RGs
#cars #jdm #mazda #howto"," @techeblog: #Mazda Vision Coupe leaked ahead of #TokyoMotorShow, has panoramic glass roof https://t.co/wJLFosXJ78 #cars... "," @techeblog: #Mazda Vision Coupe leaked ahead of #TokyoMotorShow, has panoramic glass roof https://t.co/wJLFosXJ78 #cars... ",The future of Mazda design looks like it's in good hands. #Mazda... https://t.co/FBC4JCJ2bd," @techeblog: #Mazda Vision Coupe leaked ahead of #TokyoMotorShow, has panoramic glass roof https://t.co/wJLFosXJ78 #cars... "," @techeblog: #Mazda Vision Coupe leaked ahead of #TokyoMotorShow, has panoramic glass roof https://t.co/wJLFosXJ78 #cars... "," @techeblog: #Mazda Vision Coupe leaked ahead of #TokyoMotorShow, has panoramic glass roof https://t.co/wJLFosXJ78 #cars... "," @techeblog: #Mazda Vision Coupe leaked ahead of #TokyoMotorShow, has panoramic glass roof https://t.co/wJLFosXJ78 #cars... "," @techeblog: #Mazda Vision Coupe leaked ahead of #TokyoMotorShow, has panoramic glass roof https://t.co/wJLFosXJ78 #cars... ",vamp_kris2102: Mazda 5 #Mazda https://t.co/Q3yOBfixak 5.Gang Schaltgetriebe Klimaautomatik Sitzheizung ( Fahrer u... https://t.co/BqFdeZTGCV,@MazdaUSA just revealed their RX-Vision Coupe Concept at the 2017 Tokyo Motor Show and it sure is a beauty! #MAZDA https://t.co/DkG9HPwAbV," @techeblog: #Mazda Vision Coupe leaked ahead of #TokyoMotorShow, has panoramic glass roof https://t.co/wJLFosXJ78 #cars... ",#Mazda https://t.co/itpn3RQT1a,"#milsgarage: How To Prime ; Start a Dry Engine [FIRST STA]

S3:E15 Mils Garage #YouTubeChannel
https://t.co/qkXa89vUVA
#cars #jdm #mazda..."," @techeblog: #Mazda Vision Coupe leaked ahead of #TokyoMotorShow, has panoramic glass roof https://t.co/wJLFosXJ78 #cars... ",vamp_kris2102: Mazda 5 #Mazda https://t.co/N2OSuXJ5BM 5.Gang Schaltgetriebe Klimaautomatik Sitzheizung ( Fahrer u... https://t.co/x65RgtWfB4," @techeblog: #Mazda Vision Coupe leaked ahead of #TokyoMotorShow, has panoramic glass roof https://t.co/wJLFosXJ78 #cars... ", @MotorTrend: @MazdaUSA just revealed their RX-Vision Coupe Concept at the 2017 Tokyo Motor Show and it sure is a beauty! #MAZDA https://...," esarmarbo1972 ""vamp_kris2102: Mazda 5 #Mazda https://t.co/azv7HdUQe7 5.Gang Schaltgetriebe Klimaautomatik Sitz... https://t.co/5Tdhs6MMXX"""," 757
https://t.co/DsXMTh2ciL
https://t.co/YVQIDVJg23
#Mazda",La noche se enciende con #Mazda y el #concepto #VisionCoupe con la nueva linea de #diseno para la firma japonesa https://t.co/j9zmmrPHvg," @techeblog: #Mazda Vision Coupe leaked ahead of #TokyoMotorShow, has panoramic glass roof https://t.co/wJLFosXJ78 #cars... "," @techeblog: #Mazda Vision Coupe leaked ahead of #TokyoMotorShow, has panoramic glass roof https://t.co/wJLFosXJ78 #cars... "," @techeblog: #Mazda Vision Coupe leaked ahead of #TokyoMotorShow, has panoramic glass roof https://t.co/wJLFosXJ78 #cars... "," @techeblog: #Mazda Vision Coupe leaked ahead of #TokyoMotorShow, has panoramic glass roof https://t.co/wJLFosXJ78 #cars... "," @techeblog: #Mazda Vision Coupe leaked ahead of #TokyoMotorShow, has panoramic glass roof https://t.co/wJLFosXJ78 #cars... "," @therealautoblog: #Mazda's sensuous VisionCoupe  big, sleek sedan designed with the love of driving in mind: https://t.co/q51fqxxrBl... "," @techeblog: #Mazda Vision Coupe leaked ahead of #TokyoMotorShow, has panoramic glass roof https://t.co/wJLFosXJ78 #cars... ",Meet #Mazda's master of driving feel Dave Coleman .@automotive_news https://t.co/lty63CzEnc https://t.co/HmMF0DgFAY," @techeblog: #Mazda Vision Coupe leaked ahead of #TokyoMotorShow, has panoramic glass roof https://t.co/wJLFosXJ78 #cars... "," @techeblog: #Mazda Vision Coupe leaked ahead of #TokyoMotorShow, has panoramic glass roof https://t.co/wJLFosXJ78 #cars... ", @SBrinley: #Mazda Kai concept: This is the direction for the next Mazda hatchback. It's on the next-generation Skyactive platf... ," @therealautoblog: #Mazda's sensuous VisionCoupe  big, sleek sedan designed with the love of driving in mind: https://t.co/q51fqxxrBl... "," @therealautoblog: #Mazda's sensuous VisionCoupe  big, sleek sedan designed with the love of driving in mind: https://t.co/q51fqxxrBl... "," @SBrinley: #Mazda Vision Coupe concept. Gorgeous. Not great photo of the interior, but I promise it is also fantastic. https://t.co/3qYg..."," @techeblog: #Mazda Vision Coupe leaked ahead of #TokyoMotorShow, has panoramic glass roof https://t.co/wJLFosXJ78 #cars... "," @techeblog: #Mazda Vision Coupe leaked ahead of #TokyoMotorShow, has panoramic glass roof https://t.co/wJLFosXJ78 #cars... "," @techeblog: #Mazda Vision Coupe leaked ahead of #TokyoMotorShow, has panoramic glass roof https://t.co/wJLFosXJ78 #cars... "," @techeblog: #Mazda Vision Coupe leaked ahead of #TokyoMotorShow, has panoramic glass roof https://t.co/wJLFosXJ78 #cars... "," @techeblog: #Mazda Vision Coupe leaked ahead of #TokyoMotorShow, has panoramic glass roof https://t.co/wJLFosXJ78 #cars... "," @techeblog: #Mazda Vision Coupe leaked ahead of #TokyoMotorShow, has panoramic glass roof https://t.co/wJLFosXJ78 #cars... ", @AutoexploraMx: La noche se enciende con #Mazda y el #concepto #VisionCoupe con la nueva linea de #diseno para la firma japonesa https:/...," @techeblog: #Mazda Vision Coupe leaked ahead of #TokyoMotorShow, has panoramic glass roof https://t.co/wJLFosXJ78 #cars... "," @techeblog: #Mazda Vision Coupe leaked ahead of #TokyoMotorShow, has panoramic glass roof https://t.co/wJLFosXJ78 #cars... "
