2017 Mercedes-Benz S-Class S550 CABRIOLET 2017 S550 CABRIOLET Used Turbo 4.7L V8 32V Automatic RWD Convertible Prem... https://t.co/KLAzY1qr1E,"2004 Mercedes-Benz SL-Class  White Mercedes SL 500 Excellent Condition
#Mercedes-Benz #SL-Class
#Miami Beach... https://t.co/ZOCm7dcSEU"," @nuna027_: AQD Apresenta 2: ""BENZ"" - CHS | PAULXN | BUDAH | JULIATI #benz","2013 Mercedes-Benz S-Class S63 AMGA 2013 Mercedes-Benz S-Class
#Mercedes-Benz #S-Class
#Miami #Florida... https://t.co/m3GEnwGcqE",#mercedes-benz A 180 d Automatic Sport a 24.890 EURO https://t.co/4QegoXiwp5,In de Achterhoek staat een superunieke #Mercedes van... hout Een #Mercedes-Benz 300 SL Gullwing staat te pronken in... https://t.co/c4QsCj8vqs," @nuna027_: AQD Apresenta 2: ""BENZ"" - CHS | PAULXN | BUDAH | JULIATI #benz","2005 Mercedes-Benz SLK-Class Roadster 2005  Mercedes Benz SLK350 Roadster
#Mercedes-Benz #SLK-Class
#Fort Lauderdal... https://t.co/RnqRkBNy00",#Mercedes #Benz S Class #AMG #s63 #v8 sitting on beautiful @forgiato wheels. https://t.co/G28o2al5aI, @RoyaleMods: #Mercedes #Benz S Class #AMG #s63 #v8 sitting on beautiful @forgiato wheels. https://t.co/G28o2al5aI,"1972 Mercedes-Benz 280SE  Mercedes Benz 280SE 4.5L, 1972, 72k miles, all original, full documentation
#Mercedes-Ben... https://t.co/M5Z7Lar7nT",#mercedes-benz A 180 d Automatic Sport a 23.890 EURO https://t.co/BbfPL0VaEg,"1987 Mercedes-Benz 300-Series SDL 1987 Mercedes-Benz 300SDL
#Mercedes-Benz #300-Series
#Elkton #Maryland... https://t.co/lcGh6EKKCS",2014 Mercedes-Benz SL-Class 2dr Roadster SL 550 2014 Mercedes Benz SL550 Sport 20K 1 Owner AMG Wheels Financing Tra... https://t.co/X8fDCvV0hq, @Christmas_Eve1: #LandRover #Lexus #Ligier #Lincoln #Lotus #Martini #Maserati #Maybach #Mazda #McLaren #Mercedes #Mercedes-Benz... , @Christmas_Eve1: #AstonMartin #Audi #Bentley #Benz #BMW #Bugatti #Cadillac #Chevrolet #Chrysler #Citroen #Corvette #DAF #Dacia... ,"2008 Mercedes-Benz SL-Class SL550 2dr Roadster 5.5L V8 Loaded 2008 Mercedes Benz SL550, 50k miles, Mars red over be... https://t.co/s3qD9NMkOu"," @LucasJuliati1: #BENZ

 https://t.co/Lc5ctvf1AM https://t.co/4SouGoMPK9","2004 Mercedes-Benz CLK-Class CLK500 2004 MERCEDES CLK500 AMG SPO PACKAGE 1 OWNER 48K MILES,NON SMOKER
#Mercedes-B... https://t.co/0ZcmRkE3mS",#mercedes-benz A 180 d Automatic Sport a 23.890 EURO https://t.co/zLJ5kemXDE, @RoyaleMods: #Mercedes #Benz S Class #AMG #s63 #v8 sitting on beautiful @forgiato wheels. https://t.co/G28o2al5aI,#mercedes-benz A 180 Automatic Sport a 21.890 EURO https://t.co/nvo9QdfEZ2," @u_know23: 11/2326
# 3
#  
#mercedes #benz #amg # #NMS # https://..."," @LucasJuliati1: #BENZ

 https://t.co/Lc5ctvf1AM https://t.co/4SouGoMPK9"," @u_know23: 11/2326
# 3
#  
#mercedes #benz #amg # #NMS # https://...","#MERCEDES #BENZ #A180 2014 #CGI $14,500.00 #REMATE

#Apartalo con 3 mil un dia o 5 mil 2 dias

MAYORES INFO... https://t.co/OoWC0e7srv",Deze man liet een #Mercedes bouwen van hout Een #Mercedes-Benz 300 SL Gullwing staat te pronken in de Achterhoekse... https://t.co/7J5Su589v7," @LucasJuliati1: #BENZ

 https://t.co/Lc5ctvf1AM https://t.co/4SouGoMPK9",Mercedes Benz W115 200 8 scheunenfund #Mercedes-Benz https://t.co/UMuCIT2V6k scheunen fund nicht fahrbereit https://t.co/CFOJ2ZLpXg
