" @responsejp:  A8 3...
https://t.co/5bwGuPYBJx

# # #audi https://t.co/vef52nXZO7","#AUDI A3 1.4 TFSI SPOBACK 
Ano 2014
Click  https://t.co/bDK5eE1WNB
34.280 kms
$ 12.190.000 https://t.co/M7xcKNuSTK"," @JMD_AUTOS: #AUDI A3 1.4 TFSI SPOBACK 
Ano 2014
Click  https://t.co/bDK5eE1WNB
34.280 kms
$ 12.190.000 https://t.co/M7xcKNuSTK","#AUDI A3 1.8 T  AT 
Ano 2015
37.100 kms
$ 14.650.000
Click  https://t.co/JZ9mLxMgs1 https://t.co/DQwP1gl4W4"," @FullMotorCL: #AUDI A3 1.8 T  AT 
Ano 2015
37.100 kms
$ 14.650.000
Click  https://t.co/JZ9mLxMgs1 https://t.co/DQwP1gl4W4",We can offer you the very best coatings for your car at https://t.co/tcVaaRDrZa #Jaguar #Audi #BMW #Mercedes... https://t.co/mWYLui37vq, @promotorsusa: #audi #carexport #carexporter #carsforexport | Audi Car Import/Export =&gt; https://t.co/0zyhWN6dnm / https://t.co/UTigQgWKew, @promotorsusa: #audi #carexport #carexporter #carsforexport | Audi Car Import/Export =&gt; https://t.co/0zyhWN6dnm / https://t.co/UTigQgWKew, @promotorsusa: #audi #carexport #carexporter #carsforexport | Audi Car Import/Export =&gt; https://t.co/0zyhWN6dnm / https://t.co/UTigQgWKew, @promotorsusa: #audi #carexport #carexporter #carsforexport | Audi Car Import/Export =&gt; https://t.co/0zyhWN6dnm / https://t.co/UTigQgWKew, @promotorsusa: #audi #carexport #carexporter #carsforexport | Audi Car Import/Export =&gt; https://t.co/0zyhWN6dnm / https://t.co/UTigQgWKew, @promotorsusa: #audi #carexport #carexporter #carsforexport | Audi Car Import/Export =&gt; https://t.co/0zyhWN6dnm / https://t.co/UTigQgWKew,Turnpike views. Finally back in my #Audi and were in hyperspeed. https://t.co/lgnFYIj0It,Upgrade your ride with one of our new wheel specials! Hurry while supples last. #AudiBrooklyn #WheelsSpecial #Audi... https://t.co/TUtvnrzkxj, @TopCarDetailing: We can offer you the very best coatings for your car at https://t.co/tcVaaRDrZa #Jaguar #Audi #BMW #Mercedes... , @abt_sportsline: The beautiful blue beast! #abt #abtsportsline #allthewayabt #audi #rs6 #blue #tuning #power https://t.co/Qswyq9waVt htt...," @responsejp:  A8 3...
https://t.co/5bwGuPYBJx

# # #audi https://t.co/vef52nXZO7","Audi SQ7 treated with Opti-Coat Pro+ and Leather Guard by optimbepa 
#audi #audilove #audilife... https://t.co/POBEIvy7am",Red Babe #R8 #audi https://t.co/3wuMLVKBkS,#audi #carrosimportados #veiculosimportados #importacaoveiculos | Importacao de Veiculos Audi =;gt;... https://t.co/CnY7Y7XUMI,Bomba de agua marca XXYS con motor 1.8 y 2.0. #AutopartesHamburgo #repuestos #VOLSWAGEN #AUDI #SKODA #SEAT... https://t.co/4kEijnGzCs,Why did I buy an Audi ? Two words - Virtual Cockpit. Audi_Online #Q5 #audi https://t.co/NbreVllwht,The beautiful blue beast! #abt #abtsportsline #allthewayabt #audi #rs6 #blue #tuning #power https://t.co/tYqQQ6G85S https://t.co/yoO4A0dm7q,#audi #carrosimportados #veiculosimportados #importacaoveiculos | Importacao de Veiculos Audi =;gt;... https://t.co/lEpFUONg2N,#audi #carexport #carexporter #carsforexport | Audi Car Import/Export =;gt; https://t.co/6unLndVXq1 / https://t.co/EGzTP3SLIO,Los articulos originales #Audi que estas buscando los tenemos en la boutique de #AudiVeracruz. #BocadelRio #Xalapa... https://t.co/HlLDR9MDJG,No dudes en tener un #Audi. Sera tu mejor inversion. Conoce mas aqui: https://t.co/Lx7Fxv0fWr https://t.co/THprrG1KCR, @audi_only: Red Babe #R8 #audi https://t.co/ePVFwIeX6P, @paulcjones: Why did I buy an @Audi ? Two words - Virtual Cockpit. @Audi_Online #Q5 #audi https://t.co/FKD6fLsvhX, @paulcjones: Why did I buy an @Audi ? Two words - Virtual Cockpit. @Audi_Online #Q5 #audi https://t.co/FKD6fLsvhX,"PGN BVBA  in #Oosterzele: #Audi #A4 #Diesel, 01.05.2003, 128.000 km, 2.250  https://t.co/pFRdiADnPF",#WednesdayWisdom Few things are as sweet as a gated shifter in an #Audi #R8  https://t.co/OABvDmDkKc,AUDI A4 TFSi CONVEIBLE 2008 08 FULL LEATHER TOP SPEC https://t.co/6e0ecvyPJz #Audi #AudiUK #cars https://t.co/xs4P1WBFqF,AUDI A3 1.4 TFSI 140 S LINE SPOBACK AUTO 2015 REPAIRABLE MINOR DAMAGE SALVAGE https://t.co/UmUKb17DbO #Audi... https://t.co/dPlwU59dQl,Audi A4 2.0t https://t.co/j1XLfPdOx9 #Audi #AudiUK #cars https://t.co/L4xuEATvBV,#audi #top #milan #start #night https://t.co/fbVAguBxOZ,#Audi ATOM Concept Is Another Take On The Future Of GTs https://t.co/7Hdv6P0SpO https://t.co/32wL025ghO,"Audi TT RS 

#horsepower #wheels #amazingcars247 #audi #audittrs... https://t.co/T3X9KUFHRZ",Red Rimsavers on Audi #Audi https://t.co/ZM03DkItLc, @OreBobby: #Audi ATOM Concept Is Another Take On The Future Of GTs https://t.co/7Hdv6P0SpO https://t.co/32wL025ghO, @audiblog: Who else thinks of KITT from Knight Rider when they see this? https://t.co/nz5Zxj0Fbk,Here's a breakdown of #Audi's multi-link suspension in order to understand our control arm kit offerings as well.... https://t.co/HRDz0fVv9m,"#3D TAEVision mechanical #design
#Stern Stern #Audi #Volkswagen #parts #VW

The Volkswagen Daily  Christian Schmidt
https://t.co/5JTXbJGlR7","#Audi_A8, #2018, #4k, #luxury_red_sedan, #new_A8, #German_cars, #Audi =&gt; https://t.co/2Owjkhhz1a https://t.co/3mHbRWK2Kq"," @TAEVisionCEO: #3D TAEVision mechanical #design
#Stern Stern #Audi #Volkswagen #parts #VW

The Volkswagen Daily  Christian Schmidt
http...",#Audi,"How #FutureofTransportation Will Change the Way We Live
#ScottKeogh #Audi of America
#AnthonyFoxx here @ #FCFestival https://t.co/i9ljubEOYG","#Audi_A8, #2018, #4k, #de_luxe_berline_rouge, #la_nouvelle_A8, #voitures_allemandes, #Audi =&gt;... https://t.co/4IqaOsG04N","Wallpaper featured of the day
https://t.co/NQMhdAm5HJ
#Wallpaper #Wallpapers #Vehicles #AudiRS5 #Audi #Car https://t.co/geF2r2B4iR"," Audi TT: 1690 . .,  38,29 . . https://t.co/Z9Wfr8sawN #audi #",Audi A4 1.8T S Line Quattro https://t.co/mfvF42UenR #Audi #AudiUK #cars https://t.co/8fz6nEGpCU,Audi S3 Quattro 2002 https://t.co/OlK2fpS1UK #Audi #AudiUK #cars https://t.co/7Jn4k0v6Kg,AUDI A3  https://t.co/oOpb1R9Wv7 #Audi #AudiUK #cars https://t.co/SMO65ZtCP0,"#Audi_A8, #2018, #4k, #, #A8, #, #Audi =&gt; https://t.co/LhENr06Z8m/audi-a8-2018-4k--a8-25627 https://t.co/p9Q2XoAsXF",Audi Car Lease in North Ayrshire #Audi #Vehicle #Leasing #North #Ayrshire https://t.co/vOF8Sk37je,#Audi #a3 #sport #otocity #german #cars #racing #race #luxury @ Otocity https://t.co/9asnsaLtj0,#Audi #a3 #sport #otocity #german #cars #racing #race #luxury @ Otocity https://t.co/rxTxQfFUTu,"#Audi A3- #Gewinnspiel
Sie haben die Chance einen neuen AUDI A3 oder aber 30.000 Euro Geldpramie zu #gewinnen.... https://t.co/IDh36bH5F5","Hayal ettim, Nasip ettiCok sukur #audi#a3 https://t.co/kM1GbHteIe",#Germany will want a deal on #Cars surely? All those #Mercedes #Audi #VW #Porsche #BMW sold in #UK are at risk. Bot... https://t.co/v8DPx3mA8u,Main Audi Q2 chat  Re: Pay before collecting car? https://t.co/UO4yhjYaXs #Audi #Q2, @paulcjones: Why did I buy an @Audi ? Two words - Virtual Cockpit. @Audi_Online #Q5 #audi https://t.co/FKD6fLsvhX,Boze oprosti !!!  060 66 999 10  #prodajdobro #prodajbrzo #audi #otkupautomobilabeograd... https://t.co/1OXCTf2U9o,Tips on Buying a Secondhand German Car: #cars #audi #mercedes #bmw https://t.co/v5mrWWKStZ,Audi a4 avant S LINE special addition (170) https://t.co/rIX20picw8 #Audi #AudiUK #cars https://t.co/hviMRv2znl,Audi A4 2007 2.0 S Line 4dr Full Service History LOW MILEAGE  https://t.co/Qlq3uxZxjQ #Audi #AudiUK #cars https://t.co/o3U69j3onC,Audi 90 quattro https://t.co/TyTOMNsNqz #Audi #AudiUK #cars https://t.co/gIB4RJvn2U,2014 AUDI RS5 4.2 Quattro FSI SEPANG BLUE - 26K - LOADED WITH EXTRAS - STUNNING https://t.co/UNUF5CciOk #Audi... https://t.co/rgtwUL4NrG,Audi A6 AVANT TDI BLACK EDITION https://t.co/6o4mFicSdr #Audi #AudiUK #cars https://t.co/5LB8xcDFE0, @audi_only: Red Babe #R8 #audi https://t.co/ePVFwIeX6P,Hoy 1830hs @visionmotor por @elgarage_tv Nos subimos al #Chevrolet Camaro #Audi Q5 #DS 3 Givenchy #MotoGP en Philli... https://t.co/wYcctPYZZj,"Nothing but perfection
#audi https://t.co/u4yCLQQr60", @visionmotor: Hoy 1830hs @visionmotor por @elgarage_tv Nos subimos al #Chevrolet Camaro #Audi Q5 #DS 3 Givenchy... https://t.co/yIGplSkEtL, @SHopemaster: @11_Porsche @Tato1979 @19Edg91 @fokkerdude @MrKevinAbbott @BCJr @Bertieschip @LienhardRacing @carrera4it... , @OreBobby: #Audi ATOM Concept Is Another Take On The Future Of GTs https://t.co/7Hdv6P0SpO https://t.co/32wL025ghO,#WingWednesdays @SMG look somethin like this!! Pics do the #R8 #wing no justice!! Gotta see it in person!!!... https://t.co/b4wbpnBlYO,"2018 #Audi #Q7 2.0T #quattro #premiumplus | $676.56/mo $0 Down, #leasetransfer in #LosAngeles, CA.  Details Here:... https://t.co/F6k2nQMxMk",Audi Car Lease in North Ayrshire #Audi #Vehicle #Leasing #North... https://t.co/4LAlYCFpQj, @audi_af: The Perfection!!the all New #Audi #A7 Sportback #anticipate @Audi_Online @mtura712 @audisouthafrica @Audi_Forum_NEC... ,2013 AUDI A3 1.6 TDI S LINE SPOBACK 5DR HATCHBACK DIESEL https://t.co/SZL2HPne5j #Audi #AudiUK #cars https://t.co/u1Y99C7p3O,2013 AUDI A3 2.0 TDI S LINE SPOBACK 5DR HATCHBACK DIESEL https://t.co/dFnh8P7XUa #Audi #AudiUK #cars https://t.co/AQ46hMHymk,Audi TT FSI https://t.co/wEgwAyumCi #Audi #AudiUK #cars https://t.co/k0ZZZfu8cw, @AudiJapan: 2017#Audi Audi AI ExperienceAudi ElaineAudi A8... , @carleasecompany: Audi Car Lease in North Ayrshire #Audi #Vehicle #Leasing #North #Ayrshire https://t.co/vOF8Sk37je, @PerlaChantall: #audi #top #milan #start #night https://t.co/fbVAguBxOZ," @followW: VIDEO:  A lap around the Macau street circuit in an Audi R8 LMS.
Insanity or heroism ?

#W #Macau #Audi... "," @responsejp:  A8 3...
https://t.co/5bwGuPYBJx

# # #audi https://t.co/vef52nXZO7", Ran 2.06 kilometers with Nike+ Run Club #NRC #running #jogging #jog #run # # # #Audi #AudiA4... https://t.co/AfUvhUZNLe, @OreBobby: #Audi ATOM Concept Is Another Take On The Future Of GTs https://t.co/7Hdv6P0SpO https://t.co/32wL025ghO,Audi TT 225 Quattro spares or repairs https://t.co/NIHLVQYPpU #Audi #AudiUK #cars https://t.co/kPm3vBD6ju,"Y regresamos con #MARCAS 
El dia de hoy hablaremos de la marca Audi!!
#Audi #Carro #Marca #QueCancha #Siguenos https://t.co/bGYsSH3gjP", @AudiJapan: 2017#Audi Audi AI ExperienceAudi ElaineAudi A8... ,Nice #Audi https://t.co/QuyzxVxSyC,Sabias que el nombre Audi proviene de la idea del hijo de Franz Fikentscher amigo de August Horch fundador de la ma... https://t.co/Hghya2Kqvw
