"Want a mint #BMW M1? This one is just $745,000 (570,000) https://t.co/csPdkpgbju",Full valet in #shrewsbury on this beautiful #bmw #x6m  https://t.co/M0EgPL7MuI," @BMW: Be the one who dares. 
The first-ever #BMW #X2. https://t.co/uRygljkghR",#BMW https://t.co/Mi7iNhkA9U," @BMWGroup: We proudly present the new kid on the block: The first ever #BMW #X2. 
Find out more: https://t.co/fsxu6LNca9 https://t.co/nc...","Price-fixing inquiry moves from #BMW to Daimler and #Volkswagen!
#autonews
https://t.co/Qm3Hs4JuHg",#FirstDates466 #elmuromurciaenmadrid #batalladelosexos #CopaDelRey ATENCION #BMW X5 ROBADO en #Aravaca #Madrid... https://t.co/dr0pUcvjaK," @BMW: Be the one who dares. 
The first-ever #BMW #X2. https://t.co/uRygljkghR"," @bmwcanada: For those that dare to stand out, we give you the first-ever #BMW #X2. Dare to be exactly who you want to be. https://t.co/K..."," @km77com: #BMW X2. Marzo de 2018 . Motores Diesel y gasolina, entre 140 y 192 CV, cambio autom. y traccion delantera o total. https://t....", @Fluk28_inkster: Perhaps the most beautiful #custom #motorcycle I have ever seen. Vagabund-Moto's #BMW #R100R... ," @BMW: Be the one who dares. 
The first-ever #BMW #X2. https://t.co/uRygljkghR",@BMWofWilmington as always thank you again to Mike ; the repair shop for maintaining my beautiful lady in black. #328i #bmw,Kool car but still love my #X1  https://t.co/tKmV7Lw3fC," @BMW: Be the one who dares. 
The first-ever #BMW #X2. https://t.co/uRygljkghR", @BMWFrance: La toute premiere #BMW #X2. L'audace pour seule regle. Plus d'infos : https://t.co/dp51OHerQA https://t.co/5MUwPZFMYU," @BMW: Be the one who dares. 
The first-ever #BMW #X2. https://t.co/uRygljkghR",#cars #BMW vs #Lada #evolution https://t.co/943I3f2G9F," @BMW: Be the one who dares. 
The first-ever #BMW #X2. https://t.co/uRygljkghR","Ademas del #BMW X2 de serie, los clientes tambien pueden elegir el Acabado M Sport o el Acabado M Sport X.... https://t.co/ieJfKANzOO",# # # # #Forex #_ # # # # # #bitcoin #gold #oil #china #silver #India #RETWEEET #retwit #BMW,"My beautiful BMW, I love when washed.   .   .
# #BMW # #E46 #gold... https://t.co/jheI09BpAs",Newly Developed #bmw M4 GT4s Delivered to Customer Teams https://t.co/QmJNuH8uJg,"2017 ylnn son snav 
#mercedes #A180
#bmw #1.16
@etilersurucukursu https://t.co/tmYxkqp11W","My beautiful BMW, I love when washed.   .   .
# #BMW # #E46 #gold... https://t.co/SqNLsBJvRr"," @BMW: Be the one who dares. 
The first-ever #BMW #X2. https://t.co/uRygljkghR","#GTSportBMWM4! Sigue la Tweetrace de @PlayStationEs y @BMWEspana en https://t.co/cn27rBs973 #GranTurismoSport #BMW
https://t.co/SPM2tSSJqq"," @BMWGroup: We proudly present the new kid on the block: The first ever #BMW #X2. 
Find out more: https://t.co/fsxu6LNca9 https://t.co/nc...","My beautiful BMW, I love when washed.   .   .
# #BMW # #E46 #gold... https://t.co/cDnf2d9aVZ",EU antitrust regulators automaker #BMW in post-Dieselgate cartel case https://t.co/AilXQmJfPr #afp,The new #BMWX2 has been revealed and the attractive styling and sporty performance do not disappoint! #BMW https://t.co/B8y1WL2jKa," @bmwjapan: #TokyoMotorShow 2017BMW!
The BMW Concept 8The BMW Concept Z4
#BMW #BMWJapan... "," @bmwjapan: #TokyoMotorShow 2017BMW!
BMW
!
#BMW #BMWJapan... ",New Homes of @joburgcityauto joburgcityford joburgcityautomini #newbeginnings #bmw #MINI #Ford... https://t.co/K9e100KFcJ, @JMJuchet: BMW X2! Leaving the status quo behind. Follow the unveiling of #BMW #X2 with @anderson._paak on...... ," @BMW: Be the one who dares. 
The first-ever #BMW #X2. https://t.co/uRygljkghR",        https://t.co/Cy31DRcsWi," @bmwjapan: 
BMW X3

https://t.co/Tvlb0kYCOD
#BMW... ",#WisdomWednesday#joedavisautosport#jda#saab#volvo#bmw#audi#vw#perkasie#buckscounty#pa https://t.co/wqmJ15Kf9i,Which all-time #BMW would you choose for a getaway car? https://t.co/5JxUEsLawT by @NicoDeMattia #movies @bmwblog https://t.co/gkyGFV3Edq," @bmwjapan: 
3
?
#BMW #BMWJapan... "," @BMW: Ready. Get set. Go!
Watch @andersonpaak and the first-ever #BMW #X2: https://t.co/FI9dBetraD https://t.co/PzfXmq07Jq"," @bmwjapan: # BMW X1
BMW M140i!BMW!
https://t.co/XNKcukpONs
#BMW #BMWJapan... "," @bmwjapan: 27 #2017
BMW
https://t.co/XYkTACi4B3 

!
#BMW #BMWJapan... ",Which car do you think is the best..... Choose the one you would take... #V_MM #AMG #legendary #LikeAPro #likeforfolow #awesome #cars  #BMW," @BMWGroup: We proudly present the new kid on the block: The first ever #BMW #X2. 
Find out more: https://t.co/fsxu6LNca9 https://t.co/nc...", @22_Kid_moody: Which car do you think is the best..... Choose the one you would take... #V_MM #AMG #legendary #LikeAPro #likeforfolow #a..., @HussamAAlsaleh1:         https://t.co/Cy31DRcsWi,BMW E21 316 1979 #BMW https://t.co/2WwAYE5geJ This car have de same owner since 1992. The car have some rust in https://t.co/o9u9PI26wm, @automotivas: #BMW X2 estreia sua versao de producao e chega ao Brasil em 2018 https://t.co/ns2f8BN8cW #*Destaque #Crossovers... ," @BMW: Be the one who dares. 
The first-ever #BMW #X2. https://t.co/uRygljkghR"," @BMW: Be the one who dares. 
The first-ever #BMW #X2. https://t.co/uRygljkghR","#BMW 318IA 2.0 AUTOMATICO
Ano 2008
Click  https://t.co/HhUPiOETIk
$ 7.750.000 https://t.co/CiTDIMQKVx"," @ASolucionesCL: #BMW 318IA 2.0 AUTOMATICO
Ano 2008
Click  https://t.co/HhUPiOETIk
$ 7.750.000 https://t.co/CiTDIMQKVx",BMW HP4 Race Wins Best Superbike Award from Cycle World https://t.co/z0V3PUZv3H #BMW #Car #Automobile,vamp_kris2102: BMW E21 316 1979 #BMW https://t.co/r7kLFvucQC This car have de same owner since 1992. The car have... https://t.co/R8FmnvjK3A," @BMWGroupPrensa: Ademas del #BMW X2 de serie, los clientes tambien pueden elegir el Acabado M Sport o el Acabado M Sport X.... ", @BMWFrance: La toute premiere #BMW #X2. L'audace pour seule regle. Plus d'infos : https://t.co/dp51OHerQA https://t.co/5MUwPZFMYU, @IDivyanka:          #BMW           https://t.co/kR72EsBOl8," @HeyTurn: #TurboTuesday 
#BMW #Turbo Concept 1972 https://t.co/KKjMk8qyGF","Retweeted Hey_Turn (@HeyTurn):

#TurboTuesday 
#BMW #Turbo Concept 1972 https://t.co/cmQwX34H9L https://t.co/RPedpj92pu",#bmw #bmwm #carrosimportados #veiculosimportados #importacaoveiculos | Importacao de Veiculos BMW M =&gt;... https://t.co/lu6DtH7obG,vamp_kris2102: BMW E21 316 1979 #BMW https://t.co/hBVBrv9LYM This car have de same owner since 1992. The car have... https://t.co/CKadiJh7xG,#bmw #bmwm #carexport #carexporter #carsforexport | BMW M Car Import/Export =&gt; https://t.co/0zyhWN6dnm / https://t.co/2Cp2SCWMov, @BMWforum_gr: LEAKED The new BMW X2 #Photo #bmwgroupfan #bmwgroup #bmwx2 #newcar #x2 #bmw #bimmer #bmwlove #bmwfamily #new... ," @BMW: Be the one who dares. 
The first-ever #BMW #X2. https://t.co/uRygljkghR"," esarmarbo1972 ""vamp_kris2102: BMW E21 316 1979 #BMW https://t.co/GScB26jMz2 This car have de same owner since ... https://t.co/wjnirMpaoB""", @bmwblog: First Batch of BMW M4 GT4 Models Delivered to Private Racing Teams - https://t.co/yWbW9S7WOD #BMWM4GT4 #Bmw-welt, @jocaracing: READY TO RACE: NEWLY DEVELOPED BMW M4 GT4s DELIVERED TO CUSTOMER TEAMS FOR THE FIRST TIME. https://t.co/lLJslxC9m9 #BMW #...," @BMW: Be the one who dares. 
The first-ever #BMW #X2. https://t.co/uRygljkghR", @AUTOSPO_web: GT8DTM3// https://t.co/40vCXNGT0I #SuperGT #SGT2017 #DTMjp #BMW #RS5DTM... ," @BMW: Be the one who dares. 
The first-ever #BMW #X2. https://t.co/uRygljkghR"," vamp_kris2102 ""BMW E21 316 1979 #BMW https://t.co/PKosjBkobq This car have de same owner since 1992. The car h... https://t.co/bnQKnxfjvX""",NEW STOCK; M Performance mega hatch - just serviced and complete with BMW service pack https://t.co/pm1GZxwjlu... https://t.co/uQAA3iyky1," @BMWGroup: We proudly present the new kid on the block: The first ever #BMW #X2. 
Find out more: https://t.co/fsxu6LNca9 https://t.co/nc...",@k_cherkaoui https://t.co/07TUMIIYjC,BMWBMW X2 2018https://t.co/BqH3pqkKsN #BMW #bmw #x2 #X2 #suv #SUV https://t.co/Lm3ylLb3ud,BMW HP4 Race Wins Best Superbike Award from Cycle World https://t.co/efzzDudb43 #BMW,"#BMW has unveiled its new X2 ""SAV"". In SA by the end of Q1 2018. More information here &gt; https://t.co/551NrdQIVV... https://t.co/aBSdN5m8lu"," @BMW: Be the one who dares. 
The first-ever #BMW #X2. https://t.co/uRygljkghR", @IDivyanka:          #BMW           https://t.co/kR72EsBOl8," @BMW: Be the one who dares. 
The first-ever #BMW #X2. https://t.co/uRygljkghR",We take pride in our showroom with offering the best of the best for you to see. Stop by today to check it out! #BMW https://t.co/nJFYp0NDGY, @promotorsbrasil: #bmw #bmwm #carrosimportados #veiculosimportados #importacaoveiculos | Importacao de Veiculos BMW M =&gt;... , @promotorsbrasil: #bmw #bmwm #carrosimportados #veiculosimportados #importacaoveiculos | Importacao de Veiculos BMW M =&gt;... , @promotorsbrasil: #bmw #bmwm #carrosimportados #veiculosimportados #importacaoveiculos | Importacao de Veiculos BMW M =&gt;... , @promotorsbrasil: #bmw #bmwm #carrosimportados #veiculosimportados #importacaoveiculos | Importacao de Veiculos BMW M =&gt;... , @promotorsbrasil: #bmw #bmwm #carrosimportados #veiculosimportados #importacaoveiculos | Importacao de Veiculos BMW M =&gt;... , @promotorsbrasil: #bmw #bmwm #carrosimportados #veiculosimportados #importacaoveiculos | Importacao de Veiculos BMW M =&gt;... , @promotorsusa: #bmw #bmwm #carexport #carexporter #carsforexport | BMW M Car Import/Export =&gt; https://t.co/0zyhWN6dnm / https://t.co/2Cp..., @promotorsusa: #bmw #bmwm #carexport #carexporter #carsforexport | BMW M Car Import/Export =&gt; https://t.co/0zyhWN6dnm / https://t.co/2Cp..., @promotorsusa: #bmw #bmwm #carexport #carexporter #carsforexport | BMW M Car Import/Export =&gt; https://t.co/0zyhWN6dnm / https://t.co/2Cp..., @promotorsusa: #bmw #bmwm #carexport #carexporter #carsforexport | BMW M Car Import/Export =&gt; https://t.co/0zyhWN6dnm / https://t.co/2Cp..., @promotorsusa: #bmw #bmwm #carexport #carexporter #carsforexport | BMW M Car Import/Export =&gt; https://t.co/0zyhWN6dnm / https://t.co/2Cp..., @promotorsusa: #bmw #bmwm #carexport #carexporter #carsforexport | BMW M Car Import/Export =&gt; https://t.co/0zyhWN6dnm / https://t.co/2Cp...,#BMW #cras #carparts  1997 BMW M3 upercharged 1997 BMW E36 M3 Coupe 2-Door Cosmos Black... https://t.co/NoUyaqEYRA... https://t.co/qXYUFlYBVE,"TMS 2017 BMW

#tms #tms2017 #tokyo #bike #bmw #motershow #model #picoftheday #photography... Sighthttps://www.instagram.com/p/BaryWrYlRAz/",#BMW #cras #carparts  1997 BMW M3 upercharged 1997 BMW E36 M3 Coupe 2-Door Cosmos Black... https://t.co/wJbMFHwzvk... https://t.co/IUOFC6CdJ3,BMW HP4 Race Wins Best Superbike Award from Cycle World https://t.co/z0V3PUZv3H #BMW #TestDrive #Car," @BMW: Be the one who dares. 
The first-ever #BMW #X2. https://t.co/uRygljkghR",Questo e fare SUV... Il resto e noia... Complimenti  @BMW https://t.co/IDKGRnSeH3," @ytimesmotoring: BMW unveil the stylish all-new X2

Low-slung coupe styling. 

Priced from 33,980.
Order from mid November.... "," @BMWGroup: We proudly present the new kid on the block: The first ever #BMW #X2. 
Find out more: https://t.co/fsxu6LNca9 https://t.co/nc..."," @Motor1Spain: Cinco nuevos #BMW que llegaran hasta 2018: informacion y #fotos espia https://t.co/lRjibrdfbM
#coches #novedades https://t...", @bimmerpost: Newly Developed #bmw M4 GT4s Delivered to Customer Teams https://t.co/QmJNuH8uJg,First Batch of #BMWM4GT4 Models Delivered to Private Racing Teams https://t.co/mWjzzdrV3C #BMW #M4 #GT4 #BMWM4 #M4GT4 #Bimmer #BMWM #BMWWelt," @BMW: Be the one who dares. 
The first-ever #BMW #X2. https://t.co/uRygljkghR"," @BMW: Be the one who dares. 
The first-ever #BMW #X2. https://t.co/uRygljkghR"," @BMW: Be the one who dares. 
The first-ever #BMW #X2. https://t.co/uRygljkghR"," @BMWGroup: We proudly present the new kid on the block: The first ever #BMW #X2. 
Find out more: https://t.co/fsxu6LNca9 https://t.co/nc..."," @BMW: Ready. Get set. Go!
Watch @andersonpaak and the first-ever #BMW #X2: https://t.co/FI9dBetraD https://t.co/PzfXmq07Jq",Our luxury pre-owned pick of the day is this beautiful #BMW X5 SDrive 35i -- come see it for yourself today! https://t.co/QqTi7YmXKl,Follow us on Instagram @flashautolease and Facebook Flash Auto Lease. #FlashAutoLease #BMW #7234 https://t.co/h9kiimhBHd," BMW X2, presentado el Sports Activity Coupe (SAC) https://t.co/5ataLsUPRF #BMW #X2 #BMWX2  https://t.co/sJsQBFRrUQ",BMW HP4 Race Wins Best Superbike Award from Cycle World https://t.co/z0V3PUZv3H #BMW #CarRumors #Auto,Decent day's work! #TheDetailer #autobrightvaleting #sheffieldissuper #BMW #Ford #Porsche #ilovemyjob #sybizdir https://t.co/yR4k1iwgh2," @BMW_UK: Be the one who dares. Tomorrow, the first ever #BMW X2 will be unveiled live. https://t.co/e2DJwhWTBF","Estoy enamorado de este diseno, color y modelo. https://t.co/1ZrvHeweuc"," @BMW: Be the one who dares. 
The first-ever #BMW #X2. https://t.co/uRygljkghR"," @ytimesmotoring: The new BMW 530d on test.

Fast, frugal, fantastic!

https://t.co/NX5rG3y6Xd

@BMW_UK #BMW @jct600 https://t.co/LGzII46..."," @kumakuma_d22: 

BMW E92 335i






2
#... ",#bmw #bmwm #carrosimportados #veiculosimportados #importacaoveiculos | Importacao de Veiculos BMW =&gt;... https://t.co/TS6dnHKBpA,#bmw #bmw #luxurycars #carexport #carexporter #carsforexport | BMW Car Import/Export =&gt; https://t.co/0zyhWN6dnm / https://t.co/lxwbEMZw6M, @BMW_UK: Proud sponsors of the @QMagazine Music Awards 2017. #BMW #QAwards https://t.co/Fp88dghvK6, @automotivas: #BMW X2 estreia sua versao de producao e chega ao Brasil em 2018 https://t.co/ns2f8BN8cW #*Destaque #Crossovers... , @IDivyanka:          #BMW           https://t.co/kR72EsBOl8," @BMWGroupPrensa: Ademas del #BMW X2 de serie, los clientes tambien pueden elegir el Acabado M Sport o el Acabado M Sport X.... ", @RevistaMotor: #BMW https://t.co/zJjIzWIYF9," @BMW: Be the one who dares. 
The first-ever #BMW #X2. https://t.co/uRygljkghR", @promotorsusa: #bmw #bmw #luxurycars #carexport #carexporter #carsforexport | BMW Car Import/Export =&gt; https://t.co/0zyhWN6dnm / https:/..., @promotorsusa: #bmw #bmw #luxurycars #carexport #carexporter #carsforexport | BMW Car Import/Export =&gt; https://t.co/0zyhWN6dnm / https:/..., @promotorsbrasil: #bmw #bmwm #carrosimportados #veiculosimportados #importacaoveiculos | Importacao de Veiculos BMW =&gt;... , @promotorsbrasil: #bmw #bmwm #carrosimportados #veiculosimportados #importacaoveiculos | Importacao de Veiculos BMW =&gt;... , @promotorsbrasil: #bmw #bmwm #carrosimportados #veiculosimportados #importacaoveiculos | Importacao de Veiculos BMW =&gt;... , @promotorsbrasil: #bmw #bmwm #carrosimportados #veiculosimportados #importacaoveiculos | Importacao de Veiculos BMW =&gt;... , @promotorsusa: #bmw #bmw #luxurycars #carexport #carexporter #carsforexport | BMW Car Import/Export =&gt; https://t.co/0zyhWN6dnm / https:/..., @promotorsbrasil: #bmw #bmwm #carrosimportados #veiculosimportados #importacaoveiculos | Importacao de Veiculos BMW =&gt;... , @promotorsusa: #bmw #bmw #luxurycars #carexport #carexporter #carsforexport | BMW Car Import/Export =&gt; https://t.co/0zyhWN6dnm / https:/..., @promotorsusa: #bmw #bmw #luxurycars #carexport #carexporter #carsforexport | BMW Car Import/Export =&gt; https://t.co/0zyhWN6dnm / https:/..., @promotorsusa: #bmw #bmw #luxurycars #carexport #carexporter #carsforexport | BMW Car Import/Export =&gt; https://t.co/0zyhWN6dnm / https:/..., @promotorsbrasil: #bmw #bmwm #carrosimportados #veiculosimportados #importacaoveiculos | Importacao de Veiculos BMW =&gt;... ,"#BMW X1 XDRIVE28I ST 3.0 AT 4X4
Ano 2012
Click  https://t.co/ratHErSTtS
72.573 kms
$ 11.900.000 https://t.co/9Eak6HoCbJ"," @caldosanti: #BMW X1 XDRIVE28I ST 3.0 AT 4X4
Ano 2012
Click  https://t.co/ratHErSTtS
72.573 kms
$ 11.900.000 https://t.co/9Eak6HoCbJ","Conserva tu elegancia y autenticidad, #BMW siempre contara tu mejor version. https://t.co/vlk2n6TEd6 https://t.co/CxsZKjwymZ","#BMW 320I 3201 EXECUTIVE FULL
Ano 2013
Click  https://t.co/LouUJobMMg
60.000 kms
$ 13.970.000 https://t.co/kG6pXKNkhY"," @vialbesa: #BMW 320I 3201 EXECUTIVE FULL
Ano 2013
Click  https://t.co/LouUJobMMg
60.000 kms
$ 13.970.000 https://t.co/kG6pXKNkhY"," @BMWGroupPrensa: Ademas del #BMW X2 de serie, los clientes tambien pueden elegir el Acabado M Sport o el Acabado M Sport X.... ",BMWs smallest crossover yet: The X2 https://t.co/XAKCrnKhvi #Cars #BMW," @aruna_khemka1: BMW dealer found guilty of fleecing buyers:
https://t.co/S5U2m1i17m
#BMW #BMWCustomerRacing #BMWMFestival #bmwwheels #BM...","  #BMW   # 
# https://t.co/voRUB3axSU",The latest BMWblog! https://t.co/k2f8PXmP24 Thanks to @silent_canvas @SuperLeggera_Jm @BMWGroup #bmw #testdrive," @BMWGroup: We proudly present the new kid on the block: The first ever #BMW #X2. 
Find out more: https://t.co/fsxu6LNca9 https://t.co/nc..."," @BMW: Be the one who dares. 
The first-ever #BMW #X2. https://t.co/uRygljkghR"," @quattroruote: La #BMW presenta la nuova #X2, la piu piccola delle #Suv di Monaco https://t.co/4mNxUnZn0I https://t.co/KdCA8HETfY"," @BMWGroupPrensa: Aunque el #BMW Z8 dejo de fabricarse en 2003, la garantia de suministro de piezas  que se dio fue de 50 anos. Un cl... "," @arabic:   #BMW   # 
#rtarabic
https://t.co/SBibPbn8Ox",#BMW X2 PREVIEW Exterior/Interior all-new SUV Coupe - Autogefuhl https://t.co/QmiupRQkYr,"#BMW G650 GS 
Ano 2015
Click  https://t.co/97E8MkPjLF
11.000 kms
$ 4.890.000 https://t.co/RWN63qsuHS"," @pirettaauto: #BMW G650 GS 
Ano 2015
Click  https://t.co/97E8MkPjLF
11.000 kms
$ 4.890.000 https://t.co/RWN63qsuHS","#BMW M5 4.4 AT 
Ano 2014
Click  https://t.co/z5qaETW7fN
15.000 kms
$ 46.000.000 https://t.co/qMsTQSwSd7"," @wcars_chile: #BMW M5 4.4 AT 
Ano 2014
Click  https://t.co/z5qaETW7fN
15.000 kms
$ 46.000.000 https://t.co/qMsTQSwSd7",BMW 730d XENON LEDER NAVI KLIMA PDC 19 ZOLL #BMW https://t.co/Z2urB5U0sc Mehr Details zum Fahrzeug finden Sie https://t.co/Vn9vLQgUN0," capipaula182 ""BMW 730d XENON LEDER NAVI KLIMA PDC 19 ZOLL #BMW https://t.co/m5hwH4cJUG Mehr Details zum Fahrze... https://t.co/7ioIsoOmst""","#BMW 316I NAV 1.6 AUT
Ano 2012
Click  https://t.co/bT87V8Nslo
61.240 kms
$ 7.990.000 https://t.co/raxpbbzsix"," @XPmotorscl: #BMW 316I NAV 1.6 AUT
Ano 2012
Click  https://t.co/bT87V8Nslo
61.240 kms
$ 7.990.000 https://t.co/raxpbbzsix"," @BMW: Be the one who dares. 
The first-ever #BMW #X2. https://t.co/uRygljkghR","#BMW has unveiled its new X2 ""SAV"". sDrive20i and xDrive20d models arrive in SA in March 2018. More info here &gt;... https://t.co/BHvYpVW0kn", @VendeurAutos: BMW HP4 Race Wins Best Superbike Award from Cycle World https://t.co/z0V3PUZv3H #BMW #Car #Automobile,"#bossmode #BMW #grandcoupe #lifestyle Come check it out!!! 

$$$ 31,995 $$$ call today 818-548-1111 https://t.co/zeWbuxGJSW"," @BMW: Be the one who dares. 
The first-ever #BMW #X2. https://t.co/uRygljkghR"," @BMW: Be the one who dares. 
The first-ever #BMW #X2. https://t.co/uRygljkghR",capipaula182: BMW 730d XENON LEDER NAVI KLIMA PDC 19 ZOLL #BMW https://t.co/OVoq87M6rv Mehr Details zum Fahrzeug ... https://t.co/PNwtnnNhw3,The all-new BMW X2. https://t.co/e58p0urAeh,Miren! Es la nueva @BMW #X2 su SUV mas pequena. Que opinan? #carmotorperu #carmotor https://t.co/GJNoepWuFG, @EdwardMakwana: Exciting looks ; sparkling dynamics  Heres the new BMW X2. Available in SA from March 2018:... ,#MiCasaPabloAlboran #AgathaEH #elintermediointervenido ATENCION #BMW 525 robado en #Arroyomolinos #Madrid 0086GDG e... https://t.co/M27DeJQyca,"This is what $20 flip-lops look on a 2018 $100,000 BMW HP4 

#bmw #hp4 #rocket #superbike... https://t.co/zc85CQM6l9","Isler gucler  #maserati, #porsche, #hummer, #mercedes, #ford, #bmw, #audi, #opel,... https://t.co/V3iPJWerft"," @ytimesmotoring: BMW unveil the stylish all-new X2

Low-slung coupe styling. 

Priced from 33,980.
Order from mid November.... ",capipaula182: BMW 730d XENON LEDER NAVI KLIMA PDC 19 ZOLL #BMW https://t.co/ApfacNSRe2 Mehr Details zum Fahrzeug ... https://t.co/q3QBJiHfuQ,#HotLap #Whattt #Bmw #M3 #Driftin @bmwperformancedrivingschools @escortinc #Ty https://t.co/4ojUjcEBIZ," @arabic:   #BMW   # 
#rtarabic
https://t.co/SBibPbn8Ox","Squad 
#BMW @BMW #E36 #stance @Stancewars @StanceWhips @Royal_Stance @DirtyStance @LoweredLife @needsmoarlow... https://t.co/bG8rHOptZe",capipaula182: BMW 730d XENON LEDER NAVI KLIMA PDC 19 ZOLL #BMW https://t.co/m5hwH4cJUG Mehr Details zum Fahrzeug ... https://t.co/7ioIsoOmst," @alpina_nicole: TOKYO MOTOR SHOW 2017

27

#alpina #bmw #bmwalpina #  #tokyomotorshow2017... "," esarmarbo1972 "" capipaula182 ""BMW 730d XENON LEDER NAVI KLIMA PDC 19 ZOLL #BMW https://t.co/OVoq87M6rv Mehr ... https://t.co/PNwtnnNhw3"""""," esarmarbo1972 ""capipaula182: BMW 730d XENON LEDER NAVI KLIMA PDC 19 ZOLL #BMW https://t.co/OVoq87M6rv Mehr Det... https://t.co/PNwtnnNhw3""","2018 BMW X2...itll launch with a turbodiesel engine
#2018bmwx2 #bmw https://t.co/OCiiQiDQM9",BMWM4 1000MT!  https://t.co/OvEnX6vDDC #BMW #MT https://t.co/CP2Z2NPzoX,"#BMW 320I LUXURY 2.0 AUT
Ano 2015
Click  https://t.co/PCPdJwZ4C1
29.000 kms
$ 21.990.000 https://t.co/jzce9eJ8Mg"," @100autos: #BMW 320I LUXURY 2.0 AUT
Ano 2015
Click  https://t.co/PCPdJwZ4C1
29.000 kms
$ 21.990.000 https://t.co/jzce9eJ8Mg",#BMWNews #BMW BMW HP4 Race Wins Best Superbike Award from Cycle World https://t.co/ToqNeQsP98," @BMW: Be the one who dares. 
The first-ever #BMW #X2. https://t.co/uRygljkghR",Cant decide if the #BMW 5 Series Touring interior looks better at day or night time  @BMWireland @CarzoneIE https://t.co/fEK0TMf36k," @nagarph: Squad 
#BMW @BMW #E36 #stance @Stancewars @StanceWhips @Royal_Stance @DirtyStance @LoweredLife @needsmoarlow... ","Juro que es la ultima (mentira). 
#BMW #330CI https://t.co/VAMOZf1ov3"," @BMW: Be the one who dares. 
The first-ever #BMW #X2. https://t.co/uRygljkghR", @rebeccaeisert: Die Familien Quandt/Klatten #BMW und Porsche/Piech #VW zahlen dazu.... https://t.co/2zYtzgvT3b," @CooperBMWYork: UNBEATABLE OFFER: BMW 640d Gran Coupe in Tanzanite Blue at Cooper York. https://t.co/ZcpBeLQnMA
#BMW #York #6Series #Msp...","#BMWX2 2018, un #SUV seductor y deportivo https://t.co/iv3IzRJRVE
#BMW #coches #novedades @BMW https://t.co/wO29ivK4ZI", @mangovaleting: Full valet in #shrewsbury on this beautiful #bmw #x6m  https://t.co/M0EgPL7MuI, @IDivyanka:          #BMW           https://t.co/kR72EsBOl8," @BMW: Be the one who dares. 
The first-ever #BMW #X2. https://t.co/uRygljkghR", @BMWFrance: La toute premiere #BMW #X2. L'audace pour seule regle. Plus d'infos : https://t.co/dp51OHerQA https://t.co/5MUwPZFMYU," @BMW: Be the one who dares. 
The first-ever #BMW #X2. https://t.co/uRygljkghR", @SHopemaster: @Tato1979 @19Edg91 @LeahRebeccaUK @Cosito1Horacio @BCJr @11_Porsche @simonshieldcars @Bertieschip @lcbernalo... , @kozhemyako: Did you know that #bmw uses #php? #ZendCon2017 https://t.co/6B9HpuefP5
