" @v8_5000: Retweet if you would drive it
#Chevrolet #Chevy #Impala https://t.co/HYMy7qYeEe"," @v8_5000: Retweet if you would drive it
#Chevrolet #Chevy #Impala https://t.co/HYMy7qYeEe",  3000-4000  #Chevrolet https://t.co/CleqRPIGg8,"Disfruta de la sensacion de exclusividad y poder que te da el nuevo Camaro. 

#Chevrolet
#Camaro https://t.co/iDXjhVD4n2",#ratrod #chevrolet #bmw #bmwv12 https://t.co/R9PLyI2rQj,"Chevrolet Camaro (2015) https://t.co/Htnxqj15n2 
#Chevrolet 2015 ZL1 Camaro 6. 2L Supercharged V8 6 Speed Transmission 6, 900 Miles Recaro..."," @v8_5000: Retweet if you would drive it
#Chevrolet #Chevy #Impala https://t.co/HYMy7qYeEe","Chevrolet C/K Pickup 2500 (1994) https://t.co/NNSRCD3kz4 
#Chevrolet Fantastic 1994 silverado 2500 suburban show quality with low miles 10..."," @v8_5000: Retweet if you would drive it
#Chevrolet #Chevy #Impala https://t.co/HYMy7qYeEe", #corvette #Chevrolet #detroit #travel #European #mustang #ford https://t.co/7d0jrXEakI," esarmarbo1972 ""Chevrolet Camaro (2015) https://t.co/82qKYRpwZy 
#Chevrolet 2015 ZL1 Camaro 6. 2L Supercharged V8 6 Speed Transmission 6..."," esarmarbo1972 ""Chevrolet C/K Pickup 2500 (1994) https://t.co/lNHrOdn8ky 
#Chevrolet Fantastic 1994 silverado 2500 suburban show quality...",Seling Hot Wheels '76 Greenwood Corvette #HotWheels #Chevrolet https://t.co/CXaMexOos7 via @eBay #1976 #Greenwood #Chevy #corvette #toy," @v8_5000: Retweet if you would drive it
#Chevrolet #Chevy #Impala https://t.co/HYMy7qYeEe"," @v8_5000: Retweet if you would drive it
#Chevrolet #Chevy #Impala https://t.co/HYMy7qYeEe","Chevrolet Prizm US Electricar (1994) #Chevrolet https://t.co/uyvtIuC1lv 1994 Geo Prizm, Toyota Corolla, Made by https://t.co/lKpihIY89u"," @v8_5000: Retweet if you would drive it
#Chevrolet #Chevy #Impala https://t.co/HYMy7qYeEe",Chevy Trucks: 100 Years of True | Chevrolet  #Chevrolet  #Trucks and #Car #Videos https://t.co/wSPJg8IJ0q,Chevy Trucks: 100 Years of True | Chevrolet  #Chevrolet  #Trucks and #Car #Videos https://t.co/0jUVLH1YR3,Chevy Trucks: 100 Years of True | Chevrolet  #Chevrolet  #Trucks and #Car #Videos https://t.co/Ctfbt2Mu4h,"#CHEVROLET # 
14500
20
# 
#  !6
V
#
... https://t.co/mI7EVaYfE4",Selling Hot Wheels C6 Corvette #HotWheels #Chevrolet https://t.co/w0yd7zVhyX via @eBay #chevy #Corvette #ebay #buyitnow #cool," @v8_5000: Retweet if you would drive it
#Chevrolet #Chevy #Impala https://t.co/HYMy7qYeEe",SALES ; LEASING CONSULTANT | Murray #Chevrolet #Cadillac @MurrayChevLeth Apply Here https://t.co/9cptOy87ql... https://t.co/xiRIqFYecZ, @CdnAutoRecruit: SALES ; LEASING CONSULTANT | Murray #Chevrolet #Cadillac @MurrayChevLeth Apply Here https://t.co/9cptOy87ql... ,Tienes que admitir que suele suceder  #Chevrolet https://t.co/fjeyiQUcOo,"1972 #Chevrolet Nova 1972 #Chevy Nova 355 Tremec Tko..
2025.0$ - 163bids #ebay #cars
 https://t.co/iGTUwCPEtc https://t.co/9lYBYfyjMY"," @v8_5000: Retweet if you would drive it
#Chevrolet #Chevy #Impala https://t.co/HYMy7qYeEe", @ttbcriger: #IDriveFor Strong Wo/Men everywhere. Pls  to help @AmericanCancer w/ ($5) donations courtesy of #Chevrolet... , @TheBigAce: R/T Who will you be rooting for during the #WorldSeries~?#American favorites:#Baseball #Hotdogs #ApplePie ; #Chevrol...,"2012 #Chevrolet #Suburban LS 1500 for sale in GLENDALE, CA #ChevroletSuburban #GLENDALE https://t.co/ARMv10ljXt",1000-HP Silhouette Corvette Roasts Rubber at Mantorp #Corvette #Stingray #auction #Chevrolet #Convertible #cars... https://t.co/QnpRCTL0fx,"#CHEVROLET CAPTIVA LS 2.2D  FWD  6M  DIESEL
Ano 2016
Click  https://t.co/SuzmFq61Vf
52.638 kms
$ 14.990.000 https://t.co/f16LsKgmwA"," @rts_motors: #CHEVROLET CAPTIVA LS 2.2D  FWD  6M  DIESEL
Ano 2016
Click  https://t.co/SuzmFq61Vf
52.638 kms
$ 14.990.000 https://t.co/f...",Nice Stripes!! #yolo https://t.co/D1rskDxDKX #Thnx4fol @tj_sells_cars #FindNewRoads #Chevrolet @ChevroletCanada... https://t.co/KxQwCBnBzc," @automotivas: Seguindo o Equinox, #Chevrolet Tracker tera versao Premier https://t.co/Jr1WF5pfPl #*Destaque #Crossovers https://t.co/rlv...",https://t.co/sG3s6TJFmT #Chevrolet #Corvette #Convertible #classiccar https://t.co/5WgzWuriR7,https://t.co/yyXw8y71st #Chevrolet #Camaro #Convertible #classiccar https://t.co/plhlsiptiX,https://t.co/sgquiI2Nrz #Chevrolet #Corvette #Coupe #classiccar https://t.co/CwqznXft2a,Nice Stripes!! #yolo https://t.co/D1rskDxDKX #Thnx4fol @tj_sells_cars #FindNewRoads #Chevrolet @ChevroletCanada... https://t.co/xFIinWBJZm,Nice Stripes!! #yolo https://t.co/D1rskDxDKX #Thnx4fol @tj_sells_cars #FindNewRoads #Chevrolet @ChevroletCanada... https://t.co/Oqc17IiEQ0,#Chevrolet #Silverado1500 #forSale #UnitedStates 2008 Chevrolet Silverado 1500 for Sale in United States https://t.co/txSRpNC2Tn," @v8_5000: Retweet if you would drive it
#Chevrolet #Chevy #Camaro https://t.co/fHZNfLI0vb",https://t.co/nUY28RN5Ny #Chevrolet #BelAir #Coupe #classiccar https://t.co/aoSV1AoPSJ,https://t.co/xkOzKkYeOj #Chevrolet #Impala #Convertible #classiccar https://t.co/Jiy0uyAvLp,#Chevrolet #forSale #Australia Chevrolet for Sale in Australia https://t.co/1H4Ui2kQMn,https://t.co/EevOn8HrU2 #Chevrolet #Caprice #Coupe #classiccar https://t.co/gcyZ4JFMwN,https://t.co/ojG3VTkEAH #Chevrolet #Camaro #Coupe #classiccar https://t.co/0UDzGa6nXN,"Full Chevrolet 
#camioneta #red #chevrolet #full #expo #baires #buenosaires #Argentina https://t.co/wlYHEyFcen",https://t.co/XD6SDBg0kC #Chevrolet #ElCamino #Truck #classiccar https://t.co/hAJmh4XtWK,https://t.co/LWXhb8KdH4 #Chevrolet #MonteCarlo #Coupe #classiccar https://t.co/4N1yBl0pXs
