" @STGnews: Police seeking man suspected of two home invasions, sexual assault this afternoon
#HomeInvasion #Ford... ",.Ford has revealed a new high-performance package for the 2018 Mustang GT: https://t.co/67rhxMqsD8 #Ford https://t.co/dXSjJjQjIb,Viaja seguro en estas Fiestas Patrias! Hazle el mantenimiento a tu #Ford en nuestras sucursales y obten los descue... https://t.co/aOsivFlaFK,You can't go wrong with a classic. Shop #Ford models here: https://t.co/SmMOZdLrHt,You can't go wrong with a classic. Shop #Ford models here: https://t.co/YiHJHgXADJ,#Ford Semangat pagi dan Semangat beraktifitas. https://t.co/QixIZNr2Wk,El nuevo #ford Mustang 2018 ya casi esta aqui https://t.co/MAP3COwjKG https://t.co/15KguBlORf,Eastgate street Chester. Year unknown. Point the #Ford.... https://t.co/6SzUrXl6iP,eBay: 1968 Ford Mustang Restored 1968 Ford Mustang Fastback https://t.co/bYMnsaF84G #fordmustang #ford https://t.co/657XmYAFgl,eBay: 2010 Ford Mustang 2010 Ford V6 - Leather Seats https://t.co/Hehb3WaL8a #fordmustang #ford https://t.co/cZsuVUfjFc, @motorator: This pretty much sums up my weekend. I cant guarantee everything is torqued to spec  @CarollaDrinks #beer... , @rodconnect_com: We love #cars #hotrods #musclecars and #classiccars. We post images of amazing rides. #follow us to get in on the a... ,No es esta una gran familia feliz? :) #Ford #GoFurther https://t.co/1Xb3FErIIB https://t.co/1Az3DmiQ9P," esarmarbo1972 "" capipaula182 ""Ford Focus RS Mk2 Carbon Scheinwerfer Spoiler x 2 #Ford ... https://t.co/t0VDR82fnl"""""," esarmarbo1972 ""capipaula182: Ford Focus RS Mk2 Carbon Scheinwerfer Spoiler x 2 #Ford https://t.co/0ve5U5f91I  ... https://t.co/t0VDR82fnl""",OTRO  https://t.co/W5sK8fTZ1z,Feels so great! Just moved my client from a 2015 to a brand new 2017 #Ford Fusion. GA #lemonlaw hard at work! https://t.co/vn0CFi3TxH, @TruckP0rn: #Ford https://t.co/3uqfH7HLz2, @rodconnect_com: We love #cars #hotrods #musclecars and #classiccars. We post images of amazing rides. #follow us to get in on the a... ,"Mustang | C-48 | Gloss Black |
@DynamicWheel
#richardpetty #ford #mustang #mustanggt #fordmustang #mustangporn... https://t.co/HgHom1e1la", @_LiftedTrucks_: #Ford https://t.co/ASPmyYB6wE, @TruckP0rn: #Ford https://t.co/3uqfH7HLz2,"Ford F550 (2010)  #Ford #truck https://t.co/0WBj6dUnJF All Trucks USA - 12106 Old River Rd Rockton, IL 61072 - https://t.co/wxofOWN2XC","capipaula182: Ford Focus RS Mk2 Carbon Scheinwerfer Spoiler x 2 #Ford https://t.co/0ve5U5f91I   
Produktspezifika... https://t.co/t0VDR82fnl",Check out 1950 1951 50 51 FORD FRONT HOOD ORNAMENT EMBLEM BEZEL RETAINER #OA-16644-B #FORD https://t.co/GyDYKiccwW via @eBay,You can't go wrong with a classic. Shop #Ford models here: https://t.co/ePHsmDnZOM,It was obviously an honor to work on this 1966 #ford #mustang #shelbygt 350CR built by the one... https://t.co/ClPWVJ9L9I," @TorqArmy: Tuesday Rolling Shot from the West Side 

#S550 #Mustang #Ford #Coyote #FordMustang #MuscleCar #TorqArmy https://t.co/ad...",eBay: 2015 Ford Mustang 2dr Fastback V6 2dr Fastback V6 Coupe Gasoline 3.7L V6 Cyl Guard Metallic... https://t.co/JIpRnkTqk4,This feature from #Ford puts starting up your vehicle at a whole different level. https://t.co/iOmdzaBHIi,The 2017 #Ford #Fusion is striking to look at and equally impactful in functionality. Test drive one HERE:... https://t.co/yExX5kUher," @STGnews: Police seeking man suspected of two home invasions, sexual assault this afternoon
#HomeInvasion #Ford... ","Rollin' Texas haaaaaaard! 

#badass #texas #longhorns #ford #beard #beards #seniorsnarl #car... https://t.co/y77CjbsQFq",See you at the annual Findlay Halloween Parade! Look for our #ReinekeWhale and #ReinekePumpkin!... https://t.co/tZxu9fwqiV,Detailing your Fusion just got easier! https://t.co/0QH67Ydzb7 @Ford #cars #detailing #Ford #Fusion #carcare... https://t.co/uebWm4Vbu8," @v8_5000: Retweet if you would drive it
#Ford #Mustang  https://t.co/wUiEsuHwMZ","#RSE Mes del #voluntariado en #Ford Argentina
https://t.co/cWdqcP426Q https://t.co/1JVdWbgK6E","Detailing your Fusion just got easier! 

https://t.co/0QH67Ydzb7  @Ford #cars #detailing #Ford #Fusion #carcare... https://t.co/Y8Kx9fPClL", @EbayPremier: Check out National Motor Museum - Golden Age of Ford Collection - NEW w/ cards  #Ford https://t.co/wgJOFtACLK via @eBay,"eBay: 2010 Ford Mustang coupe 2 dr manual 2010 Ford Mustang 2dr, Coupe, Manual. 107465 Miles,...... https://t.co/JyiLFeC6UI",eBay: 2006 Ford Mustang GT Premium Convertible 2006 Ford Mustang GT Premium Convertible 60232...... https://t.co/wJAmibw8jI,eBay: 2012 Ford Mustang 3.7L CYCLONE V6 1 OWNER 6 SPEED PERFORMANCE EXHAUS 2012 Ford Mustang...... https://t.co/5IPQ2tShPR,"eBay: 2014 Ford Mustang V6 Premium 2014 Ford Mustang, Oxford White with 39842 Miles available...... https://t.co/tCdTWDwKGN",eBay: 2004 Ford Mustang 40TH ANNIVERSARY 1 OWNER LOW MILES ALLOYS GT HOOD 2004 Ford Mustang 40TH...... https://t.co/BGxGoAoKzk," @BrakeTheBeast: FOLLOW, LIKE ;  for a chance to win one of the Limited Edition @PowerStopBrakes #BrakeTheBeast T-Shirts.... ",2018 Ford Mustang Review #Ford #cars #car #FordGT #focus #fiesta #auto #F150 https://t.co/bJCaUf2Ba3,"Ford 9"" disc brake conversion #Ford #cars #car #FordGT #focus #fiesta #auto #F150 https://t.co/GcEtUU90H8", @TruckP0rn: #Ford https://t.co/3uqfH7HLz2," @motoresapleno: #RSE Mes del #voluntariado en #Ford Argentina
https://t.co/cWdqcP426Q https://t.co/1JVdWbgK6E","Ford F550 (2010)  #Ford #truck https://t.co/0kv8q02OY1 All Trucks USA - 12106 Old River Rd Rockton, IL 61072 - https://t.co/Ebtoxultu4", @EbayPremier: Check out National Motor Museum - Golden Age of Ford Collection - NEW w/ cards  #Ford https://t.co/wgJOFtACLK via @eBay, @TruckP0rn: #Ford https://t.co/3uqfH7HLz2,This could have important implications for sex discrimination class actions in Silicon Valley https://t.co/qwLrJXijqD,She got a wash! #ford #fordfiesta  #mk6 #purple #car #drive #driver #manual #purplecar #instacar... https://t.co/eMvJ318PVL,eBay: 1988 Ford Mustang GT 1988 Ford Mustang GT 2-Door Hatchback Foxbody https://t.co/3xpI7Y2h62 #fordmustang #ford,eBay: 1965 Ford Mustang Complete Restoration Stunning Example 289 C Code 1965 Ford Mustang... https://t.co/xbDy7ObWpt... https://t.co/2BYSmKfkzZ,eBay: 2008 Ford Mustang Premium TURBO 2dr Cpe Manual 2008 Ford Mustang GT Premium TURBO 2dr Cpe...... https://t.co/CP89db5TwC, @Ilftedtrucks: #Ford https://t.co/36Xpe7ydoK, @DJ_MadHatter402: So clean you can eat off it! Lol #ikeepitclean #ford #mustang https://t.co/7uRBeVKTBO, @FedcourtJunkie: This could have important implications for sex discrimination class actions in Silicon Valley https://t.co/qwLrJXijqD," esarmarbo1972 ""Ford F550 (2010)  #Ford #truck https://t.co/TyKMsInw7k All Trucks USA - 12106 Old River Rd Roc... https://t.co/jaALlcsYjh""","FYI everybody, Ford is screwing me over! And they wont message me back. #ford @Ford @FordService",Listen for the latest sports news on @1067TheFan and listen for Lindsay #Ford shoutouts! @JunksRadio,The Ford Mustang is my dream car. Engineered for adrenaline-pumping performance ; exhilaration. #Ford #GoFurther... https://t.co/5zvivgkGK5,FordPass is the one-stop app making your journey easier and worthwhile.  #Ford #GoFurther #FordPass Discover more:... https://t.co/naZFiihUiS,"Ram 1500, GMC Sierra and Nissan Titan had better headlights
#ford
#mitshubusi
#automotive
#honda
#cars
#news https://t.co/xkm5IeAW0M",Enter to win fun prizes. Try out The Academy that makes you a safer driver. https://t.co/NfRYKz5fqz Sponsored:... https://t.co/yJxU56UMjM,Enter to win fun prizes. Try out The Academy that makes you a safer driver. https://t.co/2BiK7qiy39 Sponsored:... https://t.co/c0bGQyzVrd,"Wow! Estrena un #Ford Lobo con Bono de hasta $40,000 en Ford Andrade Tepepan. Tomamos tu auto a cuenta. Llamanos:... https://t.co/m0LtO9LlvZ", @whatsernamehayz: She got a wash! #ford #fordfiesta  #mk6 #purple #car #drive #driver #manual #purplecar #insta... https://t.co/7Ov5r83Tc3, @RPSRally: Look what's back in the workshop. Recommissioning @mikebrewer's 1917 #Ford Model T just in time for... , @heit_mirta: @Hugommansilla @MWernerOK @HinchadaWerner @Evangel06140679 SE TERMINOOO....ETERNOOOO....VAMOS 3M ... A DAR CATEDRA.... ,eBay: 2010 Ford Mustang Premium 2dr Cpe Manual 2010 Ford Mustang GT Premium 2dr Cpe Manual 94134...... https://t.co/343G2Ehsfw,eBay: 2001 Ford Mustang GT 2001 Ford Mustang GT 134000 Miles 2D Coupe 4.6L V8 SOHC 16V 5-Speed...... https://t.co/7zK3JKcrFH,"Vendo Tapa Motor Ford T 31884: Vendo tapa de #motor de #ford t, tiene una fisura. Mas Info... https://t.co/XYaoBtRF1e", @_LiftedTrucks_: #Ford https://t.co/ASPmyYB6wE, @_LiftedTrucks_: #Ford https://t.co/ASPmyYB6wE,#Ford #F150 #forSale #Canada 2017 Ford F-150 for Sale in Canada https://t.co/XHM5wAmckY, https://t.co/xGP59WBDwc,She's sexy when she is wet #FORD #classic #beastmode #foxbody #cobra #SVT #racecar #race... https://t.co/d2swK49IdT, @TruckP0rn: #Ford https://t.co/3uqfH7HLz2,Classic #Ford Escort Mk1 ; Mk2 Special Feature - Cividale 2017 https://t.co/vc4EMoSs3K #hillclimb #racing #vintagecar, @TruckP0rn: #Ford https://t.co/3uqfH7HLz2,"#Disponible Electroventiladores para tu #Ford #Chevrolet y #Hyundai.
Cuida tu auto de un recalentamiento y hazlo co... https://t.co/IPep8acjCo","#FORD MUSTANG GT 5.0 AT
Ano 2012
Click  https://t.co/j1JIqsAizJ
40.507 kms
$ 15.900.000 https://t.co/vqaXMfiUuq"," @graciausados: #FORD MUSTANG GT 5.0 AT
Ano 2012
Click  https://t.co/j1JIqsAizJ
40.507 kms
$ 15.900.000 https://t.co/vqaXMfiUuq","Ford F-150 King Ranch (2005) https://t.co/SodaIv9sha 
#Ford For sale great looking and driving 2005 F150 King Ranch, truck is super clean ...",Do you love #Ford #Mustangs like we do? https://t.co/QQfbuaEW9R,Quick walk round having completed a full valet. #autogloss #valet #Ford https://t.co/LrpbGK7YkH,Ford F-150 King Ranch (2005): #Ford For sale great looking and driving 2005 F150 King Ranch... https://t.co/qkwEcNZcBX," esarmarbo1972 ""Ford F-150 King Ranch (2005) https://t.co/8oMrmy7JBT 
#Ford For sale great looking and driving 2005 F150 King Ranch, tru...", @_LiftedTrucks_: #Ford https://t.co/ASPmyYB6wE,Check out Vintage Matchbox IMSA Mach 1 Ford Mustang Black w/ Yellow Windows 1983 #Matchbox #Ford https://t.co/S8sGmeNQ1f via @eBay,It has been announced that the 2018 #Ford #Mustang is getting a Performance Pack Level II!!! This is pretty crazy. https://t.co/XhHbYR57Bx,"#FORD RANGER 2.5 MT
Ano 2013
Click  https://t.co/XKOkP3ktpg
84.980 kms
$ 10.780.000 https://t.co/5KeGVPUeNE"," @cambiatuauto_cl: #FORD RANGER 2.5 MT
Ano 2013
Click  https://t.co/XKOkP3ktpg
84.980 kms
$ 10.780.000 https://t.co/5KeGVPUeNE",Kentucky Farm Bureau members get $500 Bonus Cash toward the purchase or lease of an eligible new #Ford vehicle!... https://t.co/5yXqTnkJTL,She got a wash! #ford #fordfiesta  #mk6 #purple #car #drive #driver #manual #purplecar #instacar... https://t.co/eMvJ30Rexb, @whatsernamehayz: She got a wash! #ford #fordfiesta  #mk6 #purple #car #drive #driver #manual #purplecar #insta... https://t.co/7Ov5r83Tc3,eBay: 2015 Ford Mustang 2015 FORD MUSTANG ECOBOOST PREM LEATHER REAR CAM 26K MI #382756 Texas...... https://t.co/1XOi5LNCCx,eBay: 2015 Ford Mustang V6 Coupe 2-Door 2015 FORD MUSTANG V6 6SPD BLUETOOTH REAR CAM ALLOYS 31K...... https://t.co/CKTT2ZPNM9,eBay: 2014 Ford Mustang GT Coupe 2-Door 2014 FORD MUSTANG GT PREM 5.0 6SPD LEATHER REAR CAM 36K...... https://t.co/XavS2gaf6X,eBay: 2008 Ford Mustang SHELBY GT500 2008 Shelby GT500 https://t.co/z57SWVJ373 #fordmustang #ford https://t.co/RLiUCbnLQE, @23emreterek: Olgun bayanlar dm ye gelin#olgun #elleme #ford https://t.co/zw6PJPyPWG, @23emreterek: Hadi olgun bayanlar gelin dm ye konusalim #elleme #ford https://t.co/ubFjzcEZJX, @TruckP0rn: #Ford https://t.co/3uqfH7HLz2,https://t.co/o3wzPgl3vY, @TruckP0rn: #Ford https://t.co/3uqfH7HLz2,Ford F-150 King Ranch (2005): #Ford For sale great looking and driving 2005 F150 King Ranch... https://t.co/OoQZmld4bX," esarmarbo1972 ""Ford F-150 King Ranch (2005): #Ford For sale great looking and driving 2005 F150 King Ranch... https://t.co/VN2d1b2uux""",#ford #modela #old #car #vehicle #automobile #antique #dhackett #florida #transportation https://t.co/2z9ul9RpZo https://t.co/TPnBnBZmr8,Chata!!#f100 #chata #ford https://t.co/lufyHEzan7,eBay: 1970 Ford Mustang 1970 Mustang Mach 1 https://t.co/6XFydRIdOg #fordmustang #ford https://t.co/J1P0fvJeHq,eBay: 1966 Ford Mustang green 1966 ford mustang https://t.co/7e3sq9Zq8E #fordmustang #ford https://t.co/Ah2CEaTUF3," @BrakeTheBeast: FOLLOW, LIKE ;  for a chance to win one of the Limited Edition @PowerStopBrakes #BrakeTheBeast T-Shirts.... "
