 @caralertsdaily: Nissan brings six 'Star Wars: The Last Jedi' show cars to L.A. https://t.co/PI8DNnvW7n #Nissan, @caralertsdaily: Nissan brings six 'Star Wars: The Last Jedi' show cars to L.A. https://t.co/PI8DNnvW7n #Nissan, @caralertsdaily: Nissan brings six 'Star Wars: The Last Jedi' show cars to L.A. https://t.co/PI8DNnvW7n #Nissan, @caralertsdaily: Nissan brings six 'Star Wars: The Last Jedi' show cars to L.A. https://t.co/PI8DNnvW7n #Nissan,#Nissan #SanMarcos is #nowplaying One Minute More by #CapitalCities #cubevenue, @motorator: Godzilla spotting in my hood. #nissan #gtr https://t.co/Ao7aFpm1da, @caralertsdaily: Nissan brings six 'Star Wars: The Last Jedi' show cars to L.A. https://t.co/PI8DNnvW7n #Nissan, @caralertsdaily: Nissan brings six 'Star Wars: The Last Jedi' show cars to L.A. https://t.co/PI8DNnvW7n #Nissan, @caralertsdaily: Nissan brings six 'Star Wars: The Last Jedi' show cars to L.A. https://t.co/PI8DNnvW7n #Nissan," @NissanJP:  #Nissan #IntelligentMobility 4 # 
 # 4... ", @MidwestEvolve: New 2018 #Nissan #LEAF to Make its #Midwest Debut in Chicago https://t.co/qV6P6YcLx2 @SharedUseCntr #Chicago #EVs... , @caralertsdaily: Nissan brings six 'Star Wars: The Last Jedi' show cars to L.A. https://t.co/PI8DNnvW7n #Nissan, @caralertsdaily: Nissan brings six 'Star Wars: The Last Jedi' show cars to L.A. https://t.co/PI8DNnvW7n #Nissan, @caralertsdaily: Nissan brings six 'Star Wars: The Last Jedi' show cars to L.A. https://t.co/PI8DNnvW7n #Nissan, @caralertsdaily: Nissan brings six 'Star Wars: The Last Jedi' show cars to L.A. https://t.co/PI8DNnvW7n #Nissan, @caralertsdaily: Nissan brings six 'Star Wars: The Last Jedi' show cars to L.A. https://t.co/PI8DNnvW7n #Nissan, @caralertsdaily: Nissan brings six 'Star Wars: The Last Jedi' show cars to L.A. https://t.co/PI8DNnvW7n #Nissan, @caralertsdaily: Nissan brings six 'Star Wars: The Last Jedi' show cars to L.A. https://t.co/PI8DNnvW7n #Nissan, @caralertsdaily: Nissan brings six 'Star Wars: The Last Jedi' show cars to L.A. https://t.co/PI8DNnvW7n #Nissan, @caralertsdaily: Nissan brings six 'Star Wars: The Last Jedi' show cars to L.A. https://t.co/PI8DNnvW7n #Nissan, @caralertsdaily: Nissan brings six 'Star Wars: The Last Jedi' show cars to L.A. https://t.co/PI8DNnvW7n #Nissan,2018 Nissan Kicks Replaces The Juke With A Little Less Funk ( Fav) https://t.co/L2lo0qkV18 #transmission #2018... https://t.co/hvNrDtSPPj, @caralertsdaily: Nissan brings six 'Star Wars: The Last Jedi' show cars to L.A. https://t.co/PI8DNnvW7n #Nissan, @caralertsdaily: Nissan brings six 'Star Wars: The Last Jedi' show cars to L.A. https://t.co/PI8DNnvW7n #Nissan, @caralertsdaily: Nissan brings six 'Star Wars: The Last Jedi' show cars to L.A. https://t.co/PI8DNnvW7n #Nissan, @caralertsdaily: Nissan brings six 'Star Wars: The Last Jedi' show cars to L.A. https://t.co/PI8DNnvW7n #Nissan, @caralertsdaily: Nissan brings six 'Star Wars: The Last Jedi' show cars to L.A. https://t.co/PI8DNnvW7n #Nissan, @caralertsdaily: Nissan brings six 'Star Wars: The Last Jedi' show cars to L.A. https://t.co/PI8DNnvW7n #Nissan, @caralertsdaily: Nissan brings six 'Star Wars: The Last Jedi' show cars to L.A. https://t.co/PI8DNnvW7n #Nissan, @caralertsdaily: Nissan brings six 'Star Wars: The Last Jedi' show cars to L.A. https://t.co/PI8DNnvW7n #Nissan,@R32Taka (&)w 12  ~... https://t.co/akpZZImnZm, @caralertsdaily: Nissan brings six 'Star Wars: The Last Jedi' show cars to L.A. https://t.co/PI8DNnvW7n #Nissan, @caralertsdaily: Nissan brings six 'Star Wars: The Last Jedi' show cars to L.A. https://t.co/PI8DNnvW7n #Nissan,Al trothyto no le hubiera pasado esto... #nissan https://t.co/9CYdfNWC81, @caralertsdaily: Nissan brings six 'Star Wars: The Last Jedi' show cars to L.A. https://t.co/PI8DNnvW7n #Nissan, @caralertsdaily: Nissan brings six 'Star Wars: The Last Jedi' show cars to L.A. https://t.co/PI8DNnvW7n #Nissan, @caralertsdaily: Nissan brings six 'Star Wars: The Last Jedi' show cars to L.A. https://t.co/PI8DNnvW7n #Nissan,#Nissan #SanMarcos is #nowplaying Mama's Song by #CarrieUnderwood #cubevenue, @caralertsdaily: Nissan brings six 'Star Wars: The Last Jedi' show cars to L.A. https://t.co/PI8DNnvW7n #Nissan, @caralertsdaily: Nissan brings six 'Star Wars: The Last Jedi' show cars to L.A. https://t.co/PI8DNnvW7n #Nissan," @Makeup_seisaku: [IDEA 1/18]Rocket Bunny R35GT-R(Carbon Hood)
#nissan #gtr #r35 #idea #modelcar https://t.co/Kq7xAijOhR","How To Swap out a Hub Unit. Shown on a G35

S1:E8 Mils Garage #YouTube
https://t.co/fX4TD6gsyM
#cars #infiniti #nissan #VQnation #vqfamily"," @streetchic_en: cycle fendered and wire tucked, shiny and badass  #180sx #S15 #Silvia #Nissan #USDM #JDM #stance... ",#Nissan #SanMarcos is #nowplaying Stressed Out by #TwentyOnePilots #cubevenue, @TruckTrendcom: Exclusive look at Star Wars - Nissan collab 2018 Titan AT-M6 for LA Auto Show https://t.co/KZa8pgOkYl #starwars... ," @ryotayuasa3: 

 
2002 
#SR20DET
#D1GP #d1grandprix
#drift # #... "," @CRAFTSPOS: !!
GT-R       :20,130km
 https://t.co/aBZjD71UZM ... ",#Nissan #SanMarcos is #nowplaying Silver And Gold by #VanessaWilliams #cubevenue, @nichirin8: !! ! ! !! #  #  #Nissan https://t...,"True Blue #BNR34 
Powered by #HKS #BorgWarner #EFR9174 #FULLRACE #Links #Nissan #Skyline #GTR 

#MalaysiaBoleh... https://t.co/iN5I0k145M",#Nissan #SanMarcos is #nowplaying Ain't Your Mama by #JenniferLopez #cubevenue,#Nissan #SanMarcos is #nowplaying Run-Around by #BluesTraveler #cubevenue," @CRAFTSPOS: !!
GT-R       :20,130km
 https://t.co/aBZjD71UZM ... "," @Yuuya930: #NeedforSpeed #NFSPayBack 
#NeedforSpeedPayBack #NFS 
#NISSAN #R35 #GTR #R35GTR 

 https://t.co/JW6CLhlu7s"," @kae_hiromi: !100%!!
 !!... ","1993 Nissan 240SX se coupe 1993 Nissan 240sx s13 sr20det drag drift jdm
#Nissan #240SX
#Vancouver #Washington
https://t.co/59I9t3FIS5","2012 Nissan GT-R Black Edition *** Mint 2012 Nissan GT-R Black Edition, 11k miles, stunning Gunmetal and Carbon... https://t.co/pKh9tiCy08","Rapido que lo arregle, estara en venta.

Tiempo para algo nuevo 

#nissan #240SX #S13 #Onevia #BreDatsun https://t.co/aqlvHGK5tT"," @CRAFTSPOS: !!
GT-R       :20,130km
 https://t.co/aBZjD71UZM ... ","Nissan Cefiro Autech version(Type:A33) at Shibuya,Tokyo,Japan.
#nissan #nissancefiro #cefiro... https://t.co/fmaL9dJCei"," @CRAFTSPOS: Blog!
NISMO2!
RACING GT-R HERITAGE RUN!

... ", :  ( #Nissan USA 20171130) https://t.co/jwhp85Fh6o,"https://t.co/PpBQNza6PT #Carbon Fiber #Nissan #R35 #GTR #FALL SEASON #SALE STAS Now #coupon FALL10 save up to #20% off
 27963"," @GlynHopkinGroup: Oh boy, our heart just ski-ski-skipped a BEAT.. Before we break into an @ollyofficial tune, check out the '72... "," @kae_hiromi: !100%!!
 !!... "," @kae_hiromi: !100%!!
 !!... ",Nissan brings 6 'Star Wars: The Last Jedi' show cars to L.A. [UPDATE] https://t.co/MVsK1rIqFu https://t.co/vU7yCSKHHU #nissan," @gooauto: R32
#nissan #R32 #GTR #JDM https://t.co/UyQMwZrdde","2015 Nissan Armada SL 2015 Nissan Armada SL with under 13,500 Miles
#Nissan #Armada
#Frenchtown #Montana... https://t.co/VXjaQxZMgp","121GT-R!!
2
GT-R^^
SUPER GT!
&... https://t.co/iA3ml17O3u"," @CRAFTSPOS: 121GT-R!!
2
GT-R^^
SUPER GT!
&... "," @kae_hiromi: !100%!!
 !!... "," @UDONGE____GT: 180SX

@NeedforSpeed 
#stance
#nissan
#180sx
#NFSPayback https://t.co/0R04KsnXSm"," @CRAFTSPOS: 121GT-R!!
2
GT-R^^
SUPER GT!
&... "," @kae_hiromi: !100%!!
 !!... ","@NissanLATAM No se enamora uno de un coche.Se enamora de su propio ego, tratando de demostrar con lo material,lo qu... https://t.co/da2B3GQ9m5", @annepenney: Welcome to the @Nissan_MSport team @andreheimgartne  #Nissan #NISMO #VASC,"2014 Nissan Rogue S 2014 Nissan Rogue all wheel drive S model 44k miles
#Nissan #Rogue
#Garretson #South Dakota... https://t.co/1SpCkNM8hN","2016 Nissan NV Standard Roof 1500 V6 2016 Nissan NV SV 12,402 Miles WHITE Full-size Cargo Van V6 REAR CAMERA... https://t.co/lqxH4EmPCQ","2015 Nissan Altima  2015 NISSAN ALTIMA 2.5 SV SUNROOF REAR CAM ALLOYS 33K #416393 Texas Direct Auto
#Nissan #Altima... https://t.co/ubRM5DPqdV","2012 Nissan GT-R Premium 2012 Nissan GT-R Boostlogic 650hp
#Nissan #GT-R
#El Paso #Texas
https://t.co/pYczGVTXDE https://t.co/AJHblBoKZC","NAPS...
#NISSAN
#LAUREL :  https://t.co/FUmdSVEQKT","#TOYOTA 
#NISSAN 
#HONDA 
#SUZUKI 
#MAZDA 
!

!!

!!","2015 Nissan Pathfinder Platinum 2015 Nissan Pathfinder Platinum FWD
#Nissan #Pathfinder
#Scottsdale #Arizona... https://t.co/rXIEMZ2BkJ",#Nissan Prepares For Star Wars: The Last Jedi At #LAAutoShow https://t.co/AF2n6nIQTd https://t.co/ZfH9MGxNDw
