 @fuelcellsworks: #Toyota new partner in #H2ME https://t.co/A0nqIFC7nQ https://t.co/MaLxcPx2cd,#Toyota Fine-Comfort Ride fuel-cell concept targets 600 miles of range. https://t.co/qaDrkMme6G https://t.co/Zt4JnFnvDy, @BrebelsBert: #LEMANS24 1992 #TOYOTA https://t.co/uq5F4KTXSE," @HeyTurn: #ToyotaTuesday 
#Toyota Sports 800 1965 https://t.co/mc0pGcP5qp", @seyedamirsayah: Have #Toyota managers apologized when received money from #ISIS about their pick up trucks? https://t.co/XW32aYgZZd,#Toyota #Yaris #SideView #Wallpaper 40962193 https://t.co/nDlr5c22Lx," #lovecars #videotopics #toyota
https://t.co/4hlNDqj3ur","https://t.co/rCrjVMABkx
PIGS FLY IN AUSTRALIA SO #TOYOTA
SAY Experience the feeling of
Sudden Unintended Acceleration", @BrebelsBert: #LEMANS24 1992 #TOYOTA https://t.co/uq5F4KTXSE,#Toyota#TS10 Carbon Monocoque 750 kg 3.5 Litre V 10 engine 700 hp  https://t.co/32iMbMEJs0, @BrebelsBert: #LEMANS24 1992 #TOYOTA https://t.co/uq5F4KTXSE,Rodamiento delantero #Toyota Corolla. SMS o Llamadas: 0426-2021214 contactoautorepbigbang@gmail.com #25Oct https://t.co/6bLu69vKaF,"Nada nos detiene, nosotros hacemos el camino. Somos #Toyota #Hilux #4x4 https://t.co/mOZ2ZHszP5","Decide ser #Hibrido decide ser #Prius, tu tienes la ultima palabra. Pide tu prueba de manejo en #Toyota #Tulancingo... https://t.co/vtHOMSHTAy",October is for open road #Toyota rides! #LetsGoPlaces https://t.co/5rOxdUjIIO, @JBocianIMSA: Znamy juz zwyciezce Le Mans 2018. #WEC #Toyota https://t.co/CrutdYlMct, @BrebelsBert: #LEMANS24 1992 #TOYOTA https://t.co/uq5F4KTXSE," @FjArabiaTeam: #  
      
@ToyotaClubKsa https://t.co/OI5KEw3yt2",#Toyota recorta a la mitad la produccion de su nueva planta en #Mexico --&gt; https://t.co/vjLSlCzUUD https://t.co/Yam4yBHWdi, @BrebelsBert: #LEMANS24 1992 #TOYOTA https://t.co/uq5F4KTXSE," @DISTOYOTA: Nada nos detiene, nosotros hacemos el camino. Somos #Toyota #Hilux #4x4 https://t.co/mOZ2ZHszP5", @DavidiClarke: My new single. Buy it now. I promise you will like it. #Clare #Sligo  #Leitrim https://t.co/JHW63yxluw," @PartsBam: 4RUNNER CARGO COVER GENUINE #TOYOTA | BAM parts 

https://t.co/scyt5CAZ3A https://t.co/tvAHN8im7d",  ##      !##....###toyota https://t.co/dr1mRIjmPk, @tomo_ahs:  # #toyota https://t.co/o2OR7b7NPe,Im in market for new car but wont be buying a #Toyota thanks to them shunning #Apple CarPlay in favor of AGL. https://t.co/eeqLXwjvNQ,"#TOYOTA 4 RUNNER  SR5 4X2
Ano 2012
Click  https://t.co/Hy65mJbYww
82.000 kms
$ 11.990.000 https://t.co/5uB06t7z0c"," @autoinc_CL: #TOYOTA 4 RUNNER  SR5 4X2
Ano 2012
Click  https://t.co/Hy65mJbYww
82.000 kms
$ 11.990.000 https://t.co/5uB06t7z0c",Fall has THE BEST sunsets! Don't you agree? #fall #Toyota #Rav4 https://t.co/j3Wcu2jps1,The #Toyota #Tundra Rigorously tested. Ingeniously capable. https://t.co/qadA72bKyv,#salvage #forsale https://t.co/cT79ehasTj  2013 #TOYOTA #RAV4 #japancars #madeinjapan #import #export #nigeria #jor... https://t.co/FikZwsB4Jo,"Toyota Camry LE (2009) https://t.co/5kE2zwbX4c 
#Toyota The car has always been professionally maintained and adult drove by a non-smoker ...",Save on the stuff your car needs! #Toyota #SpecialOffers https://t.co/5PTCX2W0Rk https://t.co/P6lv9GuUbF,Save on the stuff your car needs! #Toyota #SpecialOffers https://t.co/iJ4G5TSedR https://t.co/qCg3ixJaV4,Save on the stuff your car needs! #Toyota #SpecialOffers https://t.co/qgxcQ8XyWD https://t.co/jT6Hc4ijNA,"2002 TOYOTA COROLLA VAN DX EE103V - https://t.co/zMDUrKq6SA #EE103V, #TOYOTA, #COROLLAVAN, #DX, #JUGifu, #Jdmvip, .... https://t.co/Jl6KwoUPFG"," @BCJr: #ToyotaTuesday!

#Toyota #Celica #ToyotaCelica!

@uchuta_m @LeahRebeccaUK
@Bertieschip @vividcloudofwat... "," esarmarbo1972 ""Toyota Camry LE (2009) https://t.co/kntIfbibdq 
#Toyota The car has always been professionally maintained and adult drov...",Light up the path ahead with the #Toyota #Avalon. https://t.co/SKpDgZOtOU,Toyota Camry LE (2009): #Toyota The car has always been professionally maintained and adult... https://t.co/9MEkUQklNl,"#TOYOTA LAND CRUISER PRADO FULL 4WD
Ano 2009
Click  https://t.co/N3t0UpCV53
124.000 kms
$ 9.480.000 https://t.co/SJQ4LFGdsq"," @ldautos: #TOYOTA LAND CRUISER PRADO FULL 4WD
Ano 2009
Click  https://t.co/N3t0UpCV53
124.000 kms
$ 9.480.000 https://t.co/SJQ4LFGdsq",Hey #adelaide we repair #ford #holden #toyota please visit and like our FB page https://t.co/WUt6KFsOFv https://t.co/j1O3RLooeI,"#TOYOTA 4 RUNNER  LIMITED 4.0 AUT
Ano 2011
Click  https://t.co/XLJBNO3CR0
136.000 kms
$ 13.680.000 https://t.co/Q9CHtxveit"," @cambiatuauto_cl: #TOYOTA 4 RUNNER  LIMITED 4.0 AUT
Ano 2011
Click  https://t.co/XLJBNO3CR0
136.000 kms
$ 13.680.000 https://t.co/Q9CHt...", @BrebelsBert: #LEMANS24 1992 #TOYOTA https://t.co/uq5F4KTXSE,Toyota Camry LE (2009): #Toyota The car has always been professionally maintained and adult... https://t.co/6HTszGde3S,"A little teaser about our all-new 2018 Toyota Rav4!!
Stop in for more details!!
https://t.co/Dao8IPlSfT
#modernauto #TOYOTA #northcarolina","A little teaser about our all-new 2018 Toyota Rav4!!
Stop in for more details!!
https://t.co/8QeMrD0beu
#modernauto #TOYOTA #northcarolina",Escape the ordinary with the #Toyota #Tundra. https://t.co/0LsPZvWT87,Fj40 inspiration. Thanks for stopping by @jburnett411_  #coolcruisersoftexas #fj40 #landcruiser #toyota #ccotparts... https://t.co/jZXcn55iGn,Bona sort! Good luck! Buena suerte! #Toyota #corolla https://t.co/7GyAYaB3qR," @LienhardRacing:  #ToyotaTuesday 

#Toyota 2000GT 311S replica https://t.co/oa2WPEdyJP"," esarmarbo1972 ""Toyota Camry LE (2009): #Toyota The car has always been professionally maintained and adult... https://t.co/XpY2CVQR0X"""," @responsejp: 2017  ...[]
https://t.co/OnIahBG5R9

# # #TOYOTA https://t.co/CZvygsZhJW"," @responsejp: 2017  ...[]
https://t.co/OnIahBG5R9

# # #TOYOTA https://t.co/CZvygsZhJW",#Toyota boss Didier Leroy has told Auto Express its unlikely theyll ever make another diesel-engined car:... https://t.co/W3ZbhHpXWT, @AutoExpress: #Toyota boss Didier Leroy has told Auto Express its unlikely theyll ever make another diesel-engined car:... ,"#Toyota Believes This is How Cars May Look in 2020 - https://t.co/0VXnkjn1oP
 
#TokyoMotorShow #ToyotaConceptIRideEv https://t.co/3ckJm1ntPP",SICK https://t.co/98DqIgsVDe,"#TOYOTA COROLLA 1.8 GLI AUT MANTENCIONES EXCELENTE
Ano 2010
Click  https://t.co/tUwckENlGL
80.000 kms
$ 5.970.000 https://t.co/DrYS4tHLh8",Make this fall one for the books with these specials offers on the 2017 #Toyota RAV4: https://t.co/2MfYVJgJbm https://t.co/6P9FaMp0Jq,Stop by @ToyotaKnoxville to check out this week's #WonderfulWednesdaySpecial! It is a 2013 #Toyota #Highlander for... https://t.co/GEBslJauoa,Sometimes simple is better. #Toyota #CarCrushWednesday https://t.co/KSQZJaPJFF,Theres always time to strike a pose. #Toyota #CarCrushWednesday https://t.co/LZ4nAaCqTR, @AutoExpress: #Toyota boss Didier Leroy has told Auto Express its unlikely theyll ever make another diesel-engined car:... ," @responsejp: 2017  ...[]
https://t.co/OnIahBG5R9

# # #TOYOTA https://t.co/CZvygsZhJW", @AutoExpress: #Toyota boss Didier Leroy has told Auto Express its unlikely theyll ever make another diesel-engined car:... ," @MCusms: ((x))

...!!

# #SRC80 #TOKYOFM... ","I'm getting the pads and rotors changed on my brakes next Wed. First time. 170,000kms  #Toyota #Tundra https://t.co/DLAgq7gO91","#TOYOTA TACOMA TRD 4.0 LIMITED CUERO 
Ano 2011
Click  https://t.co/EAHu0CSpMC
78.000 kms
$ 21.880.000 https://t.co/wy6psY9Eye"," @automotoraossa: #TOYOTA TACOMA TRD 4.0 LIMITED CUERO 
Ano 2011
Click  https://t.co/EAHu0CSpMC
78.000 kms
$ 21.880.000 https://t.co/wy6...","I'm getting the pads and rotors changed on my brakes next Wed. First time. 170,000kms  #Toyota #Tundra https://t.co/DLAgq7gO91",2009 Toyota Camry LE #Toyota: The car has always been professionally maintained and adult... https://t.co/QqP9rJhjIk,"An Impressive 2011 Toyota Corolla 4dr Sdn Auto LE (Natl) with 89,159 Miles #Toyota #Corolla #Worcester https://t.co/7P4MpJ02yu", @AutoExpress: #Toyota boss Didier Leroy has told Auto Express its unlikely theyll ever make another diesel-engined car:... ," @BCJr: #ToyotaTuesday!

#Toyota #Celica #ToyotaCelica!

@uchuta_m @LeahRebeccaUK
@Bertieschip @vividcloudofwat... "," @responsejp: 2017  ...[]
https://t.co/OnIahBG5R9

# # #TOYOTA https://t.co/CZvygsZhJW",Join us for this incredible offer on the 2017 #Toyota #Corolla LE!!! Click here to learn more:... https://t.co/H0hVOdBPog,The Lean Leader : Still having doubts about the #Toyota Production Systems benefits? https://t.co/1tizNvT3Wt https://t.co/DJP1lYyE9o,"#Toyota_Concept_i_Ride, #2017, #futuristic_concepts, #two_seat_hatchback, #compact_cars, #Japanese_cars, #Toyota =&gt;... https://t.co/HSvKikqtQb","06:00 7.8C
9.9~7.5C
= #toyota # https://t.co/zpQN320Dyi",Need a rental? Checkered Flag Toyota has you covered! Learn more information here: https://t.co/VGRUwFPSXW #Toyota https://t.co/EJLe1pnxEb,"DP ringan Mobil New Toyota Bogor, Cibinog, Depok, Cibubur, hub: 085701512000 #Toyota"," esarmarbo1972 ""2009 Toyota Camry LE #Toyota: The car has always been professionally maintained and adult... https://t.co/OBgNr6rySZ""", @Journal_Auto: Salon de Tokyo : demonstration de force de Toyota https://t.co/YUMVof5GBF #Toyota #Tokyo https://t.co/ygwVkSUjLk," @responsejp: 2017  ...[]
https://t.co/OnIahBG5R9

# # #TOYOTA https://t.co/CZvygsZhJW","@ToyotaGB Car sold to me and now being told ""it's not fit for purpose"" losing hundreds of  ; regular workshop visits. Never buy #TOYOTA", @ELagoke: #Togo #AshRevolution Les miliciens de #Gnassingbe toujours en #Toyota achevent un jeune https://t.co/Vr7Iqd4qSF via @UltimateL...,Newsweekjapan   Newsweekjapan &lt;7261.T&gt;816... https://t.co/sbqTCegKxY #toyota #, @BrebelsBert: #LEMANS24 1992 #TOYOTA https://t.co/uq5F4KTXSE,"No new #Toyota diesels, says boss https://t.co/Oe8uzJLqC6", @Mahdi90470394:   ##      !##....###toyota https://t.co/dr1mRIj...
